"","Datum","Daily-Nr.","Probenummer","Objektbezeichnung","Fundlage","Lage","Taxon","Resttyp","Erhaltungstyp","Season"
"1","10.12.2018","10.12.2018-118","TG18_MS1_CS_093","Kerne","MS2, M003 Ostseite","MS2","Acacia nilotica","Fr","st","2018"
"2","10.12.2018","10.12.2018-158","TG18_MS1_CS_119","Samen","MS2, Suederweiterung X2, obere Schicht","MS2","Acacia nilotica","Fr","st","2018"
"3","10.12.2018","10.12.2018-171","TG18_MS1_CS_124","Korbstücke","MS2, Suederweiterung X2, obere Schicht","MS2","Acacia nilotica","Fr","st","2018"
"4","10.12.2018","10.12.2018-171","TG18_MS1_CS_124","Korbstücke","MS2, Suederweiterung X2, obere Schicht","MS2","Allium cf. cepa","Epid","st","2018"
"5","10.12.2018","10.12.2018-171","TG18_MS1_CS_124","Korbstücke","MS2, Suederweiterung X2, obere Schicht","MS2","Allium cf. cepa","Epid","st","2018"
"6","10.12.2018","10.12.2018-171","TG18_MS1_CS_124","Korbstücke","MS2, Suederweiterung X2, obere Schicht","MS2","Allium cf. cepa","Epid","st","2018"
"7","10.12.2018","10.12.2018-171","TG18_MS1_CS_124","Korbstücke","MS2, Suederweiterung X2, obere Schicht","MS2","Allium cf. cepa","Epid","st","2018"
"8","10.12.2018","10.12.2018-279","TG18_MS1_CS_128","Samen und Pflanzenreste","MS2, Westen von M007","MS2","Allium cf. cepa","Epid","st","2018"
"9","10.12.2018","10.12.2018-279","TG18_MS1_CS_128","Samen und Pflanzenreste","MS2, Westen von M007","MS2","Allium cf. cepa","Epid","st","2018"
"10","10.12.2018","10.12.2018-279","TG18_MS1_CS_128","Samen und Pflanzenreste","MS2, Westen von M007","MS2","Allium cf. cepa","Epid","st","2018"
"11","10.12.2018","10.12.2018-279","TG18_MS1_CS_128","Samen und Pflanzenreste","MS2, Westen von M007","MS2","Allium cf. cepa","Epid","st","2018"
"12","10.12.2018","10.12.2018-279","TG18_MS1_CS_128","Samen und Pflanzenreste","MS2, Westen von M007","MS2","Allium cf. cepa","Epid","st","2018"
"13","10.12.2018","10.12.2018-279","TG18_MS1_CS_128","Samen und Pflanzenreste","MS2, Westen von M007","MS2","Allium cf. cepa","Epid","st","2018"
"14","10.12.2018","10.12.2018-279","TG18_MS1_CS_128","Samen und Pflanzenreste","MS2, Westen von M007","MS2","Allium cf. cepa","Epid","st","2018"
"15","10.12.2018","10.12.2018-279","TG18_MS1_CS_128","Samen und Pflanzenreste","MS2, Westen von M007","MS2","Allium cf. cepa","Epid","st","2018"
"16","13.12.2018","13.12.2018-135","TG18_MS1_CS_226","Hülsen und Zwiebelschalen","MS1, Nordwand aussen, Korbbefund","MS1","Allium cf. cepa","Epid","st","2018"
"17","13.12.2018","13.12.2018-135","TG18_MS1_CS_226","Hülsen und Zwiebelschalen","MS1, Nordwand aussen, Korbbefund","MS1","Allium cf. cepa","Epid","st","2018"
"18","13.12.2018","13.12.2018-145","TG18_MS1_CS_231","Frucht, Kerne, Zwiebelschale","MS1, Suedwand aussen","MS1","Allium cf. cepa","Epid","st","2018"
"19","13.12.2018","13.12.2018-162","TG18_MS1_CS_239","Früchte, Kerne, Zwiebelschale","MS2, Westen von M005, M006, M008","MS2","Allium cf. cepa","Epid","st","2018"
"20","16.12.2018","16.12.2018-118","TG18_MS1_CS_294","Zwiebelschale","MS2, zw. M003 und M008","MS2","Allium cf. cepa","Epid","st","2018"
"21","16.12.2018","16.12.2018-138","TG18_MS1_CS_308","Botanikprobe","MS2, zw. M008 und Suedwand","MS2","Allium cf. cepa","Epid","st","2018"
"22","16.12.2018","16.12.2018-138","TG18_MS1_CS_308","Botanikprobe","MS2, zw. M008 und Suedwand","MS2","Allium cf. cepa","Epid","st","2018"
"23","16.12.2018","16.12.2018-138","TG18_MS1_CS_308","Botanikprobe","MS2, zw. M008 und Suedwand","MS2","Allium cf. cepa","Epid","st","2018"
"24","16.12.2018","16.12.2018-138","TG18_MS1_CS_308","Botanikprobe","MS2, zw. M008 und Suedwand","MS2","Allium cf. cepa","Epid","st","2018"
"25","16.12.2018","16.12.2018-146","TG18_MS1_CS_311","Botanikprobe","MS2, Osten von M004 (Norden von 10.12.2018-102)","MS2","Allium cf. cepa","Epid","st","2018"
"26","16.12.2018","16.12.2018-149","TG18_MS1_CS_313","Kerne, Früchte, Zwiebelschale","MS1, Nordwand aussen, nahe Nord-Ost-Ecke","MS1","Allium cf. cepa","Epid","st","2018"
"27","16.12.2018","16.12.2018-149","TG18_MS1_CS_313","Kerne, Früchte, Zwiebelschale","MS1, Nordwand aussen, nahe Nord-Ost-Ecke","MS1","Allium cf. cepa","Epid","st","2018"
"28","18.12.2018","18.12.2018-119","TG18_MS1_CS_351","Botanikprobe","MS1, Sued von Suedwand","MS1","Allium cf. cepa","Epid","st","2018"
"29","16.12.2018","16.12.2018-131","TG18_MS1_CS_302","Blätter","MS2, Osten von M006","MS2","Allium sativum","BoPf","st","2018"
"30","17.12.2018","17.12.2018-126","TG18_MS1_CS_333","Knoblauch","MS2, Sandschicht zw. bot. Befund und Matte","MS2","Allium sativum","BoPf","st","2018"
"31","17.12.2018","17.12.2018-126","TG18_MS1_CS_333","Knoblauch","MS2, Sandschicht zw. bot. Befund und Matte","MS2","Allium sativum","BoPf","st","2018"
"32","17.12.2018","17.12.2018-126","TG18_MS1_CS_333","Knoblauch","MS2, Sandschicht zw. bot. Befund und Matte","MS2","Allium sativum","BoPf","st","2018"
"33","18.12.2018","18.12.2018-106","TG18_MS1_CS_343","Probepflanzen","MS2, S1 + S2","MS2","Allium sativum","BoPf","st","2018"
"34","18.12.2018","18.12.2018-106","TG18_MS1_CS_343","Probepflanzen","MS2, S1 + S2","MS2","Allium sativum","BoPf","st","2018"
"35","18.12.2018","18.12.2018-106","TG18_MS1_CS_343","Probepflanzen","MS2, S1 + S2","MS2","Allium sativum","BoPf","st","2018"
"36","18.12.2018","18.12.2018-106","TG18_MS1_CS_343","Probepflanzen","MS2, S1 + S2","MS2","Allium sativum","BoPf","st","2018"
"37","18.12.2018","18.12.2018-106","TG18_MS1_CS_343","Probepflanzen","MS2, S1 + S2","MS2","Allium sativum","BoPf","st","2018"
"38","18.12.2018","18.12.2018-106","TG18_MS1_CS_343","Probepflanzen","MS2, S1 + S2","MS2","Allium sativum","BoPf","st","2018"
"39","18.12.2018","18.12.2018-106","TG18_MS1_CS_343","Probepflanzen","MS2, S1 + S2","MS2","Allium sativum","BoPf","st","2018"
"40","18.12.2018","18.12.2018-130","TG18_MS1_CS_356","Früchte","MS1, Nordwand (Nord-Ost-Ecke)","MS1","Allium sativum","BoPf","st","2018"
"41","18.12.2018","18.12.2018-130","TG18_MS1_CS_356","Früchte","MS1, Nordwand (Nord-Ost-Ecke)","MS1","Allium sativum","BoPf","st","2018"
"42","12.12.2018","12.12.2018-112","TG18_MS1_CS_177","Brotstück (?)","MS2, Lehmziegelverbruch (Sued-Ost-Ecke)","MS2","Brei/Gebäck/Fruchtfleisch","BGF","st","2018"
"43","09.12.2018","9.12.2018-166","TG18_MS1_CS_074","Botanische Reste","MS2, Suederweiterung X2, obere Schicht","MS2","Brei/Gebäck/Fruchtfleisch","BGF","vk","2018"
"44","10.12.2018","10.12.2018-114","TG18_MS1_CS_091","Verkohltes Holz und Früchte","MS2, bot. Befund im Sued-Ost von M004","MS2","Brei/Gebäck/Fruchtfleisch","BGF","vk","2018"
"45","16.12.2018","16.12.2018-134","TG18_MS1_CS_305","Kerne und Früchte","MS2, zw. M004, M006 und Matte","MS2","Brei/Gebäck/Fruchtfleisch","BGF","vk","2018"
"46","16.12.2018","16.12.2018-134","TG18_MS1_CS_305","Kerne und Früchte","MS2, zw. M004, M006 und Matte","MS2","Brei/Gebäck/Fruchtfleisch","BGF","vk","2018"
"47","16.12.2018","16.12.2018-134","TG18_MS1_CS_305","Kerne und Früchte","MS2, zw. M004, M006 und Matte","MS2","Brei/Gebäck/Fruchtfleisch","BGF","vk","2018"
"48","16.12.2018","16.12.2018-134","TG18_MS1_CS_305","Kerne und Früchte","MS2, zw. M004, M006 und Matte","MS2","Brei/Gebäck/Fruchtfleisch","BGF","vk","2018"
"49","10.12.2018","10.12.2018-171","TG18_MS1_CS_124","Korbstücke","MS2, Suederweiterung X2, obere Schicht","MS2","cf. Cucurbitaceae","Sti","st","2018"
"50","10.12.2018","10.12.2018-171","TG18_MS1_CS_124","Korbstücke","MS2, Suederweiterung X2, obere Schicht","MS2","cf. Cyperus papyrus","Hal","st","2018"
"51","10.12.2018","10.12.2018-158","TG18_MS1_CS_119","Samen","MS2, Suederweiterung X2, obere Schicht","MS2","Cyperaceae","BoPf","st","2018"
"52","16.12.2018","16.12.2018-122","TG18_MS1_CS_297","Probe","MS2, zw. M004 und M008","MS2","Cyperaceae","BoPf","st","2018"
"53","09.12.2018","9.12.2018-107","TG18_MS1_CS_042","Datteln, Dompalme, Kerne Früchte","MS2, in Schnitt X3, Aushub nach Westen hin","MS2","Cyperus rotundus","BoPf","st","2018"
"54","09.12.2018","9.12.2018-107","TG18_MS1_CS_042","Datteln, Dompalme, Kerne Früchte","MS2, in Schnitt X3, Aushub nach Westen hin","MS2","Cyperus rotundus","BoPf","st","2018"
"55","09.12.2018","9.12.2018-146","TG18_MS1_CS_060","Frucht (ausgetrocknet)","MS2, Westen von M006","MS2","Cyperus rotundus","BoPf","st","2018"
"56","09.12.2018","9.12.2018-148","TG18_MS1_CS_061","Frucht (ausgetrocknet)","MS2, zw. M004 und M003","MS2","Cyperus rotundus","BoPf","st","2018"
"57","10.12.2018","10.12.2018-124","TG18_MS1_CS_097","Holz und Frucht","MS1, Nordwand in Korbbefund","MS1","Cyperus rotundus","BoPf","st","2018"
"58","10.12.2018","10.12.2018-134","TG18_MS1_CS_105","Samen","MS2, Osten von M004, ueber Matte B","MS2","Cyperus rotundus","BoPf","st","2018"
"59","10.12.2018","10.12.2018-143","TG18_MS1_CS_110","Wurzel","MS2, Osten von M005, M006, M007","MS2","Cyperus rotundus","BoPf","st","2018"
"60","10.12.2018","10.12.2018-158","TG18_MS1_CS_119","Samen","MS2, Suederweiterung X2, obere Schicht","MS2","Cyperus rotundus","BoPf","st","2018"
"61","10.12.2018","10.12.2018-158","TG18_MS1_CS_119","Samen","MS2, Suederweiterung X2, obere Schicht","MS2","Cyperus rotundus","BoPf","st","2018"
"62","10.12.2018","10.12.2018-171","TG18_MS1_CS_124","Korbstücke","MS2, Suederweiterung X2, obere Schicht","MS2","Cyperus rotundus","BoPf","st","2018"
"63","13.12.2018","13.12.2018-145","TG18_MS1_CS_231","Frucht, Kerne, Zwiebelschale","MS1, Suedwand aussen","MS1","Cyperus rotundus","BoPf","st","2018"
"64","15.12.2018","15.12.2018-132","TG18_MS1_CS_270","Kerne","MS1, Suedwand aussen","MS1","Cyperus rotundus","BoPf","st","2018"
"65","15.12.2018","15.12.2018-132","TG18_MS1_CS_270","Kerne","MS1, Suedwand aussen","MS1","Cyperus rotundus","BoPf","st","2018"
"66","16.12.2018","16.12.2018-138","TG18_MS1_CS_308","Botanikprobe","MS2, zw. M008 und Suedwand","MS2","Cyperus rotundus","BoPf","st","2018"
"67","16.12.2018","16.12.2018-138","TG18_MS1_CS_308","Botanikprobe","MS2, zw. M008 und Suedwand","MS2","Cyperus rotundus","BoPf","st","2018"
"68","16.12.2018","16.12.2018-149","TG18_MS1_CS_313","Kerne, Früchte, Zwiebelschale","MS1, Nordwand aussen, nahe Nord-Ost-Ecke","MS1","Cyperus rotundus","BoPf","st","2018"
"69","19.12.2018","19.12.2018-110","TG18_MS1_CS_375","Kern und Frucht","MS2, auf Matte A, im Sueden","MS2","Cyperus rotundus","BoPf","st","2018"
"70","09.12.2018","9.12.2018-107","TG18_MS1_CS_042","Datteln, Dompalme, Kerne Früchte","MS2, in Schnitt X3, Aushub nach Westen hin","MS2","Cyperus rotundus","BoPf","vk","2018"
"71","10.12.2018","10.12.2018-158","TG18_MS1_CS_119","Samen","MS2, Suederweiterung X2, obere Schicht","MS2","Cyperus rotundus","BoPf","vk","2018"
"72","10.12.2018","10.12.2018-158","TG18_MS1_CS_119","Samen","MS2, Suederweiterung X2, obere Schicht","MS2","Cyperus rotundus","BoPf","vk","2018"
"73","13.12.2018","13.12.2018-146","TG18_MS1_CS_232","Holz","MS1, Suedwand aussen","MS1","Desmostachya bipinnata","Hal","st","2018"
"74","13.12.2018","13.12.2018-146","TG18_MS1_CS_232","Holz","MS1, Suedwand aussen","MS1","Desmostachya bipinnata","Hal","st","2018"
"75","13.12.2018","13.12.2018-146","TG18_MS1_CS_232","Holz","MS1, Suedwand aussen","MS1","Desmostachya bipinnata","Hal","st","2018"
"76","13.12.2018","13.12.2018-146","TG18_MS1_CS_232","Holz","MS1, Suedwand aussen","MS1","Desmostachya bipinnata","Hal","st","2018"
"77","09.12.2018","9.12.2018-107","TG18_MS1_CS_042","Datteln, Dompalme, Kerne Früchte","MS2, in Schnitt X3, Aushub nach Westen hin","MS2","Hyphaene thebaica","Fr","st","2018"
"78","09.12.2018","9.12.2018-166","TG18_MS1_CS_074","Botanische Reste","MS2, Suederweiterung X2, obere Schicht","MS2","Hyphaene thebaica","Fr","st","2018"
"79","10.12.2018","10.12.2018-165","TG18_MS1_CS_121","Botanische Reste","MS2, kl. Raum Osten von M003","MS2","Hyphaene thebaica","Fr","st","2018"
"80","13.12.2018","13.12.2018-162","TG18_MS1_CS_239","Früchte, Kerne, Zwiebelschale","MS2, Westen von M005, M006, M008","MS2","Hyphaene thebaica","Fr","st","2018"
"81","13.12.2018","13.12.2018-183","TG18_MS1_CS_248","Holzstück und Palmenfrüchte","MS1, Ostwand aussen","MS1","Hyphaene thebaica","Fr","st","2018"
"82","13.12.2018","13.12.2018-183","TG18_MS1_CS_248","Holzstück und Palmenfrüchte","MS1, Ostwand aussen","MS1","Hyphaene thebaica","Fr","st","2018"
"83","16.12.2018","16.12.2018-165","TG18_MS1_CS_320","Holz, Früchte, Dompalmenfrucht","MS2, Sued-Ost von M009","MS2","Hyphaene thebaica","Fr","st","2018"
"84","17.12.2018","17.12.2018-107","TG18_MS1_CS_326","Holz und andere Botanik","MS2, Matte rs (?)","MS2","Hyphaene thebaica","Fr","st","2018"
"85","18.12.2018","18.12.2018-106","TG18_MS1_CS_343","Probepflanzen","MS2, S1 + S2","MS2","Hyphaene thebaica","Fr","st","2018"
"86","18.12.2018","18.12.2018-130","TG18_MS1_CS_356","Früchte","MS1, Nordwand (Nord-Ost-Ecke)","MS1","Hyphaene thebaica","Fr","st","2018"
"87","18.12.2018","18.12.2018-146","TG18_MS1_CS_364","Frucht","MS2, untere Sandschicht Matte B (X2)","MS2","Hyphaene thebaica","Fr","st","2018"
"88","09.12.2018","9.12.2018-166","TG18_MS1_CS_074","Botanische Reste","MS2, Suederweiterung X2, obere Schicht","MS2","indeterminata","Sa/Fr","vk","2018"
"89","10.12.2018","10.12.2018-118","TG18_MS1_CS_093","Kerne","MS2, M003 Ostseite","MS2","indeterminata","BoPf","st","2018"
"90","16.12.2018","16.12.2018-134","TG18_MS1_CS_305","Kerne und Früchte","MS2, zw. M004, M006 und Matte","MS2","indeterminata","BoPf","st","2018"
"91","10.12.2018","10.12.2018-114","TG18_MS1_CS_091","Verkohltes Holz und Früchte","MS2, bot. Befund im Sued-Ost von M004","MS2","indeterminata","BoPf","vk","2018"
"92","10.12.2018","10.12.2018-114","TG18_MS1_CS_091","Verkohltes Holz und Früchte","MS2, bot. Befund im Sued-Ost von M004","MS2","indeterminata","BoPf","vk","2018"
"93","10.12.2018","10.12.2018-114","TG18_MS1_CS_091","Verkohltes Holz und Früchte","MS2, bot. Befund im Sued-Ost von M004","MS2","indeterminata","BoPf","vk","2018"
"94","10.12.2018","10.12.2018-114","TG18_MS1_CS_091","Verkohltes Holz und Früchte","MS2, bot. Befund im Sued-Ost von M004","MS2","indeterminata","BoPf","vk","2018"
"95","10.12.2018","10.12.2018-114","TG18_MS1_CS_091","Verkohltes Holz und Früchte","MS2, bot. Befund im Sued-Ost von M004","MS2","indeterminata","Hal","vk","2018"
"96","08.12.2018","8.12.2018-152","TG18_MS1_CS_039","Holzkohle","MS2, zw. Palmstamm und LZ-Verbruch","MS2","indeterminata","Fr","st","2018"
"97","10.12.2018","10.12.2018-171","TG18_MS1_CS_124","Korbstücke","MS2, Suederweiterung X2, obere Schicht","MS2","indeterminata","Fr","st","2018"
"98","16.12.2018","16.12.2018-134","TG18_MS1_CS_305","Kerne und Früchte","MS2, zw. M004, M006 und Matte","MS2","indeterminata","Fr","st","2018"
"99","10.12.2018","10.12.2018-171","TG18_MS1_CS_124","Korbstücke","MS2, Suederweiterung X2, obere Schicht","MS2","indeterminata","Hal","st","2018"
"100","10.12.2018","10.12.2018-171","TG18_MS1_CS_124","Korbstücke","MS2, Suederweiterung X2, obere Schicht","MS2","indeterminata","Hal","st","2018"
"101","17.12.2018","17.12.2018-107","TG18_MS1_CS_326","Holz und andere Botanik","MS2, Matte rs (?)","MS2","indeterminata","Hal","st","2018"
"102","09.12.2018","9.12.2018-107","TG18_MS1_CS_042","Datteln, Dompalme, Kerne Früchte","MS2, in Schnitt X3, Aushub nach Westen hin","MS2","indeterminata","Hano","st","2018"
"103","16.12.2018","16.12.2018-138","TG18_MS1_CS_308","Botanikprobe","MS2, zw. M008 und Suedwand","MS2","indeterminata","Hano","st","2018"
"104","17.12.2018","17.12.2018-107","TG18_MS1_CS_326","Holz und andere Botanik","MS2, Matte rs (?)","MS2","indeterminata","Hano","st","2018"
"105","17.12.2018","17.12.2018-107","TG18_MS1_CS_326","Holz und andere Botanik","MS2, Matte rs (?)","MS2","indeterminata","Hano","st","2018"
"106","17.12.2018","17.12.2018-107","TG18_MS1_CS_326","Holz und andere Botanik","MS2, Matte rs (?)","MS2","indeterminata","Hano","st","2018"
"107","17.12.2018","17.12.2018-107","TG18_MS1_CS_326","Holz und andere Botanik","MS2, Matte rs (?)","MS2","indeterminata","Hano","st","2018"
"108","17.12.2018","17.12.2018-107","TG18_MS1_CS_326","Holz und andere Botanik","MS2, Matte rs (?)","MS2","indeterminata","Hano","st","2018"
"109","17.12.2018","17.12.2018-107","TG18_MS1_CS_326","Holz und andere Botanik","MS2, Matte rs (?)","MS2","indeterminata","Hano","st","2018"
"110","17.12.2018","17.12.2018-107","TG18_MS1_CS_326","Holz und andere Botanik","MS2, Matte rs (?)","MS2","indeterminata","Hano","st","2018"
"111","17.12.2018","17.12.2018-107","TG18_MS1_CS_326","Holz und andere Botanik","MS2, Matte rs (?)","MS2","indeterminata","Hano","st","2018"
"112","19.12.2018","19.12.2018-105","TG18_MS1_CS_372","Botanikprobe","MS2, X2 Suederweiterung","MS2","indeterminata","Hano","st","2018"
"113","16.12.2018","16.12.2018-155","TG18_MS1_CS_316","Probe","MS2, Osten von M004 (Norden von 10.12.2018-102)","MS2","indeterminata","Ri","st","2018"
"114","16.12.2018","16.12.2018-155","TG18_MS1_CS_316","Probe","MS2, Osten von M004 (Norden von 10.12.2018-102)","MS2","indeterminata","Ri","st","2018"
"115","10.12.2018","10.12.2018-171","TG18_MS1_CS_124","Korbstücke","MS2, Suederweiterung X2, obere Schicht","MS2","indeterminata","Bl","st","2018"
"116","10.12.2018","10.12.2018-171","TG18_MS1_CS_124","Korbstücke","MS2, Suederweiterung X2, obere Schicht","MS2","indeterminata","Bl","st","2018"
"117","10.12.2018","10.12.2018-171","TG18_MS1_CS_124","Korbstücke","MS2, Suederweiterung X2, obere Schicht","MS2","indeterminata","Bl","st","2018"
"118","10.12.2018","10.12.2018-279","TG18_MS1_CS_128","Samen und Pflanzenreste","MS2, Westen von M007","MS2","indeterminata","Bl","st","2018"
"119","10.12.2018","10.12.2018-279","TG18_MS1_CS_128","Samen und Pflanzenreste","MS2, Westen von M007","MS2","indeterminata","Bl","st","2018"
"120","16.12.2018","16.12.2018-117","TG18_MS1_CS_293","Blätter","MS2, zw. M003 und M008","MS2","indeterminata","Bl","st","2018"
"121","16.12.2018","16.12.2018-138","TG18_MS1_CS_308","Botanikprobe","MS2, zw. M008 und Suedwand","MS2","indeterminata","Bl","st","2018"
"122","16.12.2018","16.12.2018-138","TG18_MS1_CS_308","Botanikprobe","MS2, zw. M008 und Suedwand","MS2","indeterminata","Bl","st","2018"
"123","16.12.2018","16.12.2018-138","TG18_MS1_CS_308","Botanikprobe","MS2, zw. M008 und Suedwand","MS2","indeterminata","Bl","st","2018"
"124","16.12.2018","16.12.2018-138","TG18_MS1_CS_308","Botanikprobe","MS2, zw. M008 und Suedwand","MS2","indeterminata","Bl","st","2018"
"125","06.12.2018","6.12.2018-129","TG18_MS1_CS_019","Beere (nein)","MS1, 2. Osthaelfte","MS1","indeterminata","Gal","st","2018"
"126","09.12.2018","9.12.2018-107","TG18_MS1_CS_042","Datteln, Dompalme, Kerne Früchte","MS2, in Schnitt X3, Aushub nach Westen hin","MS2","indeterminata","Sti","st","2018"
"127","12.12.2018","12.12.2018-104","TG18_MS1_CS_174","Kerne","MS2, Mauerkrone M004","MS2","indeterminata","sonst","st","2018"
"128","19.12.2018","19.12.2018-105","TG18_MS1_CS_372","Botanikprobe","MS2, X2 Suederweiterung","MS2","Juncus rigidus/acutus","Blüst","st","2018"
"129","19.12.2018","19.12.2018-105","TG18_MS1_CS_372","Botanikprobe","MS2, X2 Suederweiterung","MS2","Juncus rigidus/acutus","Blüst","st","2018"
"130","19.12.2018","19.12.2018-105","TG18_MS1_CS_372","Botanikprobe","MS2, X2 Suederweiterung","MS2","Juncus rigidus/acutus","Blüst","st","2018"
"131","19.12.2018","19.12.2018-105","TG18_MS1_CS_372","Botanikprobe","MS2, X2 Suederweiterung","MS2","Juncus rigidus/acutus","Blüst","st","2018"
"132","19.12.2018","19.12.2018-105","TG18_MS1_CS_372","Botanikprobe","MS2, X2 Suederweiterung","MS2","Juncus rigidus/acutus","Blüst","st","2018"
"133","16.12.2018","16.12.2018-134","TG18_MS1_CS_305","Kerne und Früchte","MS2, zw. M004, M006 und Matte","MS2","Lens culinaris","Sa/Fr","st","2018"
"134","16.12.2018","16.12.2018-134","TG18_MS1_CS_305","Kerne und Früchte","MS2, zw. M004, M006 und Matte","MS2","Lens culinaris","Sa/Fr","st","2018"
"135","16.12.2018","16.12.2018-134","TG18_MS1_CS_305","Kerne und Früchte","MS2, zw. M004, M006 und Matte","MS2","Lens culinaris","Sa/Fr","st","2018"
"136","16.12.2018","16.12.2018-134","TG18_MS1_CS_305","Kerne und Früchte","MS2, zw. M004, M006 und Matte","MS2","Lens culinaris","Sa/Fr","st","2018"
"137","16.12.2018","16.12.2018-134","TG18_MS1_CS_305","Kerne und Früchte","MS2, zw. M004, M006 und Matte","MS2","Lens culinaris","Sa/Fr","st","2018"
"138","16.12.2018","16.12.2018-134","TG18_MS1_CS_305","Kerne und Früchte","MS2, zw. M004, M006 und Matte","MS2","Lens culinaris","Sa/Fr","st","2018"
"139","16.12.2018","16.12.2018-134","TG18_MS1_CS_305","Kerne und Früchte","MS2, zw. M004, M006 und Matte","MS2","Lens culinaris","Sa/Fr","st","2018"
"140","16.12.2018","16.12.2018-134","TG18_MS1_CS_305","Kerne und Früchte","MS2, zw. M004, M006 und Matte","MS2","Lens culinaris","Sa/Fr","st","2018"
"141","16.12.2018","16.12.2018-134","TG18_MS1_CS_305","Kerne und Früchte","MS2, zw. M004, M006 und Matte","MS2","Lens culinaris","BGF","st","2018"
"142","16.12.2018","16.12.2018-134","TG18_MS1_CS_305","Kerne und Früchte","MS2, zw. M004, M006 und Matte","MS2","Lens culinaris","BGF","st","2018"
"143","16.12.2018","16.12.2018-134","TG18_MS1_CS_305","Kerne und Früchte","MS2, zw. M004, M006 und Matte","MS2","Lens culinaris","BGF","st","2018"
"144","16.12.2018","16.12.2018-134","TG18_MS1_CS_305","Kerne und Früchte","MS2, zw. M004, M006 und Matte","MS2","Lens culinaris","BGF","st","2018"
"145","16.12.2018","16.12.2018-138","TG18_MS1_CS_308","Botanikprobe","MS2, zw. M008 und Suedwand","MS2","Linum usitatissimum","Sa/Fr","st","2018"
"146","10.12.2018","10.12.2018-158","TG18_MS1_CS_119","Samen","MS2, Suederweiterung X2, obere Schicht","MS2","Linum usitatissimum","Kap","st","2018"
"147","10.12.2018","10.12.2018-158","TG18_MS1_CS_119","Samen","MS2, Suederweiterung X2, obere Schicht","MS2","Linum usitatissimum","Kap","st","2018"
"148","13.12.2018","13.12.2018-135","TG18_MS1_CS_226","Hülsen und Zwiebelschalen","MS1, Nordwand aussen, Korbbefund","MS1","Linum usitatissimum","Kap","st","2018"
"149","13.12.2018","13.12.2018-135","TG18_MS1_CS_226","Hülsen und Zwiebelschalen","MS1, Nordwand aussen, Korbbefund","MS1","Linum usitatissimum","Kap","st","2018"
"150","13.12.2018","13.12.2018-135","TG18_MS1_CS_226","Hülsen und Zwiebelschalen","MS1, Nordwand aussen, Korbbefund","MS1","Linum usitatissimum","Kap","st","2018"
"151","13.12.2018","13.12.2018-135","TG18_MS1_CS_226","Hülsen und Zwiebelschalen","MS1, Nordwand aussen, Korbbefund","MS1","Linum usitatissimum","Kap","st","2018"
"152","13.12.2018","13.12.2018-135","TG18_MS1_CS_226","Hülsen und Zwiebelschalen","MS1, Nordwand aussen, Korbbefund","MS1","Linum usitatissimum","Kap","st","2018"
"153","13.12.2018","13.12.2018-135","TG18_MS1_CS_226","Hülsen und Zwiebelschalen","MS1, Nordwand aussen, Korbbefund","MS1","Linum usitatissimum","Kap","st","2018"
"154","16.12.2018","16.12.2018-134","TG18_MS1_CS_305","Kerne und Früchte","MS2, zw. M004, M006 und Matte","MS2","Linum usitatissimum","Kap","st","2018"
"155","16.12.2018","16.12.2018-134","TG18_MS1_CS_305","Kerne und Früchte","MS2, zw. M004, M006 und Matte","MS2","Linum usitatissimum","Kap","st","2018"
"156","16.12.2018","16.12.2018-134","TG18_MS1_CS_305","Kerne und Früchte","MS2, zw. M004, M006 und Matte","MS2","Linum usitatissimum","Kap","st","2018"
"157","16.12.2018","16.12.2018-134","TG18_MS1_CS_305","Kerne und Früchte","MS2, zw. M004, M006 und Matte","MS2","Linum usitatissimum","Kap","st","2018"
"158","16.12.2018","16.12.2018-134","TG18_MS1_CS_305","Kerne und Früchte","MS2, zw. M004, M006 und Matte","MS2","Linum usitatissimum","Kap","st","2018"
"159","16.12.2018","16.12.2018-134","TG18_MS1_CS_305","Kerne und Früchte","MS2, zw. M004, M006 und Matte","MS2","Linum usitatissimum","Kap","st","2018"
"160","16.12.2018","16.12.2018-134","TG18_MS1_CS_305","Kerne und Früchte","MS2, zw. M004, M006 und Matte","MS2","Linum usitatissimum","Kap","st","2018"
"161","16.12.2018","16.12.2018-134","TG18_MS1_CS_305","Kerne und Früchte","MS2, zw. M004, M006 und Matte","MS2","Linum usitatissimum","Kap","st","2018"
"162","16.12.2018","16.12.2018-146","TG18_MS1_CS_311","Botanikprobe","MS2, Osten von M004 (Norden von 10.12.2018-102)","MS2","Linum usitatissimum","Kap","st","2018"
"163","16.12.2018","16.12.2018-146","TG18_MS1_CS_311","Botanikprobe","MS2, Osten von M004 (Norden von 10.12.2018-102)","MS2","Linum usitatissimum","Kap","st","2018"
"164","16.12.2018","16.12.2018-149","TG18_MS1_CS_313","Kerne, Früchte, Zwiebelschale","MS1, Nordwand aussen, nahe Nord-Ost-Ecke","MS1","Linum usitatissimum","Kap","st","2018"
"165","16.12.2018","16.12.2018-149","TG18_MS1_CS_313","Kerne, Früchte, Zwiebelschale","MS1, Nordwand aussen, nahe Nord-Ost-Ecke","MS1","Linum usitatissimum","Kap","st","2018"
"166","16.12.2018","16.12.2018-131","TG18_MS1_CS_302","Blätter","MS2, Osten von M006","MS2","cf. Lupinus","Fr","st","2018"
"167","13.12.2018","13.12.2018-122","TG18_MS1_CS_216","Brot","MS1, in Flugsand, Nordbereich","MS1","Lupinus","BGF","st","2018"
"168","16.12.2018","16.12.2018-134","TG18_MS1_CS_305","Kerne und Früchte","MS2, zw. M004, M006 und Matte","MS2","Lupinus albus","Sa/Fr","st","2018"
"169","16.12.2018","16.12.2018-134","TG18_MS1_CS_305","Kerne und Früchte","MS2, zw. M004, M006 und Matte","MS2","Lupinus albus","Sa/Fr","st","2018"
"170","16.12.2018","16.12.2018-122","TG18_MS1_CS_297","Probe","MS2, zw. M004 und M008","MS2","Lupinus albus","Fr","st","2018"
"171","08.12.2018","8.12.2018-152","TG18_MS1_CS_039","Holzkohle","MS2, zw. Palmstamm und LZ-Verbruch","MS2","Mimusops laurifolia","Sa/Fr","st","2018"
"172","11.12.2018","11.12.2018-168","TG18_MS1_CS_151","Kerne","MS2, auf Lehmzigelverbruch","MS2","Mimusops laurifolia","Sa/Fr","st","2018"
"173","11.12.2018","11.12.2018-188","TG18_MS1_CS_161","Kerne","MS2, Westen von M007","MS2","Mimusops laurifolia","Sa/Fr","st","2018"
"174","12.12.2018","12.12.2018-104","TG18_MS1_CS_174","Kerne","MS2, Mauerkrone M004","MS2","Mimusops laurifolia","Sa/Fr","st","2018"
"175","15.12.2018","15.12.2018-132","TG18_MS1_CS_270","Kerne","MS1, Suedwand aussen","MS1","Mimusops laurifolia","Sa/Fr","st","2018"
"176","16.12.2018","16.12.2018-138","TG18_MS1_CS_308","Botanikprobe","MS2, zw. M008 und Suedwand","MS2","Mimusops laurifolia","Sa/Fr","st","2018"
"177","16.12.2018","16.12.2018-149","TG18_MS1_CS_313","Kerne, Früchte, Zwiebelschale","MS1, Nordwand aussen, nahe Nord-Ost-Ecke","MS1","Mimusops laurifolia","Sa/Fr","st","2018"
"178","18.12.2018","18.12.2018-119","TG18_MS1_CS_351","Botanikprobe","MS1, Sued von Suedwand","MS1","Mimusops laurifolia","Sa/Fr","st","2018"
"179","09.12.2018","9.12.2018-107","TG18_MS1_CS_042","Datteln, Dompalme, Kerne Früchte","MS2, in Schnitt X3, Aushub nach Westen hin","MS2","Olea europaea","Sa/Fr","st","2018"
"180","10.12.2018","10.12.2018-118","TG18_MS1_CS_093","Kerne","MS2, M003 Ostseite","MS2","Olea europaea","Sa/Fr","st","2018"
"181","10.12.2018","10.12.2018-138","TG18_MS1_CS_107","Holzstück und Kern","MS2, zw. M004 und Korb 10.12.2018-102","MS2","Olea europaea","Sa/Fr","st","2018"
"182","10.12.2018","10.12.2018-158","TG18_MS1_CS_119","Samen","MS2, Suederweiterung X2, obere Schicht","MS2","Olea europaea","Sa/Fr","st","2018"
"183","10.12.2018","10.12.2018-158","TG18_MS1_CS_119","Samen","MS2, Suederweiterung X2, obere Schicht","MS2","Olea europaea","Sa/Fr","st","2018"
"184","10.12.2018","10.12.2018-158","TG18_MS1_CS_119","Samen","MS2, Suederweiterung X2, obere Schicht","MS2","Olea europaea","Sa/Fr","st","2018"
"185","10.12.2018","10.12.2018-158","TG18_MS1_CS_119","Samen","MS2, Suederweiterung X2, obere Schicht","MS2","Olea europaea","Sa/Fr","st","2018"
"186","10.12.2018","10.12.2018-158","TG18_MS1_CS_119","Samen","MS2, Suederweiterung X2, obere Schicht","MS2","Olea europaea","Sa/Fr","st","2018"
"187","10.12.2018","10.12.2018-158","TG18_MS1_CS_119","Samen","MS2, Suederweiterung X2, obere Schicht","MS2","Olea europaea","Sa/Fr","st","2018"
"188","10.12.2018","10.12.2018-158","TG18_MS1_CS_119","Samen","MS2, Suederweiterung X2, obere Schicht","MS2","Olea europaea","Sa/Fr","st","2018"
"189","10.12.2018","10.12.2018-158","TG18_MS1_CS_119","Samen","MS2, Suederweiterung X2, obere Schicht","MS2","Olea europaea","Sa/Fr","st","2018"
"190","10.12.2018","10.12.2018-158","TG18_MS1_CS_119","Samen","MS2, Suederweiterung X2, obere Schicht","MS2","Olea europaea","Sa/Fr","st","2018"
"191","10.12.2018","10.12.2018-158","TG18_MS1_CS_119","Samen","MS2, Suederweiterung X2, obere Schicht","MS2","Olea europaea","Sa/Fr","st","2018"
"192","10.12.2018","10.12.2018-158","TG18_MS1_CS_119","Samen","MS2, Suederweiterung X2, obere Schicht","MS2","Olea europaea","Sa/Fr","st","2018"
"193","10.12.2018","10.12.2018-158","TG18_MS1_CS_119","Samen","MS2, Suederweiterung X2, obere Schicht","MS2","Olea europaea","Sa/Fr","st","2018"
"194","10.12.2018","10.12.2018-158","TG18_MS1_CS_119","Samen","MS2, Suederweiterung X2, obere Schicht","MS2","Olea europaea","Sa/Fr","st","2018"
"195","10.12.2018","10.12.2018-279","TG18_MS1_CS_128","Samen und Pflanzenreste","MS2, Westen von M007","MS2","Olea europaea","Sa/Fr","st","2018"
"196","10.12.2018","10.12.2018-279","TG18_MS1_CS_128","Samen und Pflanzenreste","MS2, Westen von M007","MS2","Olea europaea","Sa/Fr","st","2018"
"197","10.12.2018","10.12.2018-279","TG18_MS1_CS_128","Samen und Pflanzenreste","MS2, Westen von M007","MS2","Olea europaea","Sa/Fr","st","2018"
"198","10.12.2018","10.12.2018-279","TG18_MS1_CS_128","Samen und Pflanzenreste","MS2, Westen von M007","MS2","Olea europaea","Sa/Fr","st","2018"
"199","11.12.2018","11.12.2018-168","TG18_MS1_CS_151","Kerne","MS2, auf Lehmzigelverbruch","MS2","Olea europaea","Sa/Fr","st","2018"
"200","11.12.2018","11.12.2018-168","TG18_MS1_CS_151","Kerne","MS2, auf Lehmzigelverbruch","MS2","Olea europaea","Sa/Fr","st","2018"
"201","11.12.2018","11.12.2018-168","TG18_MS1_CS_151","Kerne","MS2, auf Lehmzigelverbruch","MS2","Olea europaea","Sa/Fr","st","2018"
"202","11.12.2018","11.12.2018-168","TG18_MS1_CS_151","Kerne","MS2, auf Lehmzigelverbruch","MS2","Olea europaea","Sa/Fr","st","2018"
"203","11.12.2018","11.12.2018-168","TG18_MS1_CS_151","Kerne","MS2, auf Lehmzigelverbruch","MS2","Olea europaea","Sa/Fr","st","2018"
"204","11.12.2018","11.12.2018-168","TG18_MS1_CS_151","Kerne","MS2, auf Lehmzigelverbruch","MS2","Olea europaea","Sa/Fr","st","2018"
"205","11.12.2018","11.12.2018-168","TG18_MS1_CS_151","Kerne","MS2, auf Lehmzigelverbruch","MS2","Olea europaea","Sa/Fr","st","2018"
"206","11.12.2018","11.12.2018-168","TG18_MS1_CS_151","Kerne","MS2, auf Lehmzigelverbruch","MS2","Olea europaea","Sa/Fr","st","2018"
"207","11.12.2018","11.12.2018-188","TG18_MS1_CS_161","Kerne","MS2, Westen von M007","MS2","Olea europaea","Sa/Fr","st","2018"
"208","11.12.2018","11.12.2018-188","TG18_MS1_CS_161","Kerne","MS2, Westen von M007","MS2","Olea europaea","Sa/Fr","st","2018"
"209","11.12.2018","11.12.2018-188","TG18_MS1_CS_161","Kerne","MS2, Westen von M007","MS2","Olea europaea","Sa/Fr","st","2018"
"210","11.12.2018","11.12.2018-188","TG18_MS1_CS_161","Kerne","MS2, Westen von M007","MS2","Olea europaea","Sa/Fr","st","2018"
"211","11.12.2018","11.12.2018-188","TG18_MS1_CS_161","Kerne","MS2, Westen von M007","MS2","Olea europaea","Sa/Fr","st","2018"
"212","11.12.2018","11.12.2018-188","TG18_MS1_CS_161","Kerne","MS2, Westen von M007","MS2","Olea europaea","Sa/Fr","st","2018"
"213","11.12.2018","11.12.2018-188","TG18_MS1_CS_161","Kerne","MS2, Westen von M007","MS2","Olea europaea","Sa/Fr","st","2018"
"214","12.12.2018","12.12.2018-104","TG18_MS1_CS_174","Kerne","MS2, Mauerkrone M004","MS2","Olea europaea","Sa/Fr","st","2018"
"215","12.12.2018","12.12.2018-104","TG18_MS1_CS_174","Kerne","MS2, Mauerkrone M004","MS2","Olea europaea","Sa/Fr","st","2018"
"216","12.12.2018","12.12.2018-142","TG18_MS1_CS_196","Kerne","MS1, Ostwand oestlich","MS1","Olea europaea","Sa/Fr","st","2018"
"217","12.12.2018","12.12.2018-142","TG18_MS1_CS_196","Kerne","MS1, Ostwand oestlich","MS1","Olea europaea","Sa/Fr","st","2018"
"218","12.12.2018","12.12.2018-142","TG18_MS1_CS_196","Kerne","MS1, Ostwand oestlich","MS1","Olea europaea","Sa/Fr","st","2018"
"219","13.12.2018","13.12.2018-162","TG18_MS1_CS_239","Früchte, Kerne, Zwiebelschale","MS2, Westen von M005, M006, M008","MS2","Olea europaea","Sa/Fr","st","2018"
"220","15.12.2018","15.12.2018-114","TG18_MS1_CS_263","Kerne","MS2, S1 + S3","MS2","Olea europaea","Sa/Fr","st","2018"
"221","16.12.2018","16.12.2018-134","TG18_MS1_CS_305","Kerne und Früchte","MS2, zw. M004, M006 und Matte","MS2","Olea europaea","Sa/Fr","st","2018"
"222","16.12.2018","16.12.2018-134","TG18_MS1_CS_305","Kerne und Früchte","MS2, zw. M004, M006 und Matte","MS2","Olea europaea","Sa/Fr","st","2018"
"223","16.12.2018","16.12.2018-134","TG18_MS1_CS_305","Kerne und Früchte","MS2, zw. M004, M006 und Matte","MS2","Olea europaea","Sa/Fr","st","2018"
"224","16.12.2018","16.12.2018-134","TG18_MS1_CS_305","Kerne und Früchte","MS2, zw. M004, M006 und Matte","MS2","Olea europaea","Sa/Fr","st","2018"
"225","16.12.2018","16.12.2018-134","TG18_MS1_CS_305","Kerne und Früchte","MS2, zw. M004, M006 und Matte","MS2","Olea europaea","Sa/Fr","st","2018"
"226","16.12.2018","16.12.2018-138","TG18_MS1_CS_308","Botanikprobe","MS2, zw. M008 und Suedwand","MS2","Olea europaea","Sa/Fr","st","2018"
"227","16.12.2018","16.12.2018-138","TG18_MS1_CS_308","Botanikprobe","MS2, zw. M008 und Suedwand","MS2","Olea europaea","Sa/Fr","st","2018"
"228","16.12.2018","16.12.2018-138","TG18_MS1_CS_308","Botanikprobe","MS2, zw. M008 und Suedwand","MS2","Olea europaea","Sa/Fr","st","2018"
"229","16.12.2018","16.12.2018-138","TG18_MS1_CS_308","Botanikprobe","MS2, zw. M008 und Suedwand","MS2","Olea europaea","Sa/Fr","st","2018"
"230","16.12.2018","16.12.2018-138","TG18_MS1_CS_308","Botanikprobe","MS2, zw. M008 und Suedwand","MS2","Olea europaea","Sa/Fr","st","2018"
"231","16.12.2018","16.12.2018-138","TG18_MS1_CS_308","Botanikprobe","MS2, zw. M008 und Suedwand","MS2","Olea europaea","Sa/Fr","st","2018"
"232","16.12.2018","16.12.2018-138","TG18_MS1_CS_308","Botanikprobe","MS2, zw. M008 und Suedwand","MS2","Olea europaea","Sa/Fr","st","2018"
"233","16.12.2018","16.12.2018-138","TG18_MS1_CS_308","Botanikprobe","MS2, zw. M008 und Suedwand","MS2","Olea europaea","Sa/Fr","st","2018"
"234","16.12.2018","16.12.2018-146","TG18_MS1_CS_311","Botanikprobe","MS2, Osten von M004 (Norden von 10.12.2018-102)","MS2","Olea europaea","Sa/Fr","st","2018"
"235","16.12.2018","16.12.2018-146","TG18_MS1_CS_311","Botanikprobe","MS2, Osten von M004 (Norden von 10.12.2018-102)","MS2","Olea europaea","Sa/Fr","st","2018"
"236","16.12.2018","16.12.2018-146","TG18_MS1_CS_311","Botanikprobe","MS2, Osten von M004 (Norden von 10.12.2018-102)","MS2","Olea europaea","Sa/Fr","st","2018"
"237","16.12.2018","16.12.2018-146","TG18_MS1_CS_311","Botanikprobe","MS2, Osten von M004 (Norden von 10.12.2018-102)","MS2","Olea europaea","Sa/Fr","st","2018"
"238","16.12.2018","16.12.2018-149","TG18_MS1_CS_313","Kerne, Früchte, Zwiebelschale","MS1, Nordwand aussen, nahe Nord-Ost-Ecke","MS1","Olea europaea","Sa/Fr","st","2018"
"239","16.12.2018","16.12.2018-149","TG18_MS1_CS_313","Kerne, Früchte, Zwiebelschale","MS1, Nordwand aussen, nahe Nord-Ost-Ecke","MS1","Olea europaea","Sa/Fr","st","2018"
"240","16.12.2018","16.12.2018-149","TG18_MS1_CS_313","Kerne, Früchte, Zwiebelschale","MS1, Nordwand aussen, nahe Nord-Ost-Ecke","MS1","Olea europaea","Sa/Fr","st","2018"
"241","16.12.2018","16.12.2018-149","TG18_MS1_CS_313","Kerne, Früchte, Zwiebelschale","MS1, Nordwand aussen, nahe Nord-Ost-Ecke","MS1","Olea europaea","Sa/Fr","st","2018"
"242","16.12.2018","16.12.2018-149","TG18_MS1_CS_313","Kerne, Früchte, Zwiebelschale","MS1, Nordwand aussen, nahe Nord-Ost-Ecke","MS1","Olea europaea","Sa/Fr","st","2018"
"243","16.12.2018","16.12.2018-149","TG18_MS1_CS_313","Kerne, Früchte, Zwiebelschale","MS1, Nordwand aussen, nahe Nord-Ost-Ecke","MS1","Olea europaea","Sa/Fr","st","2018"
"244","16.12.2018","16.12.2018-149","TG18_MS1_CS_313","Kerne, Früchte, Zwiebelschale","MS1, Nordwand aussen, nahe Nord-Ost-Ecke","MS1","Olea europaea","Sa/Fr","st","2018"
"245","16.12.2018","16.12.2018-149","TG18_MS1_CS_313","Kerne, Früchte, Zwiebelschale","MS1, Nordwand aussen, nahe Nord-Ost-Ecke","MS1","Olea europaea","Sa/Fr","st","2018"
"246","16.12.2018","16.12.2018-149","TG18_MS1_CS_313","Kerne, Früchte, Zwiebelschale","MS1, Nordwand aussen, nahe Nord-Ost-Ecke","MS1","Olea europaea","Sa/Fr","st","2018"
"247","16.12.2018","16.12.2018-149","TG18_MS1_CS_313","Kerne, Früchte, Zwiebelschale","MS1, Nordwand aussen, nahe Nord-Ost-Ecke","MS1","Olea europaea","Sa/Fr","st","2018"
"248","16.12.2018","16.12.2018-155","TG18_MS1_CS_316","Probe","MS2, Osten von M004 (Norden von 10.12.2018-102)","MS2","Olea europaea","Sa/Fr","st","2018"
"249","17.12.2018","17.12.2018-144","TG18_MS1_CS_338","Botanikprobe","MS2, Sandschicht ueber Matte B","MS2","Olea europaea","Sa/Fr","st","2018"
"250","17.12.2018","17.12.2018-144","TG18_MS1_CS_338","Botanikprobe","MS2, Sandschicht ueber Matte B","MS2","Olea europaea","Sa/Fr","st","2018"
"251","17.12.2018","17.12.2018-144","TG18_MS1_CS_338","Botanikprobe","MS2, Sandschicht ueber Matte B","MS2","Olea europaea","Sa/Fr","st","2018"
"252","17.12.2018","17.12.2018-144","TG18_MS1_CS_338","Botanikprobe","MS2, Sandschicht ueber Matte B","MS2","Olea europaea","Sa/Fr","st","2018"
"253","18.12.2018","18.12.2018-119","TG18_MS1_CS_351","Botanikprobe","MS1, Sued von Suedwand","MS1","Olea europaea","Sa/Fr","st","2018"
"254","18.12.2018","18.12.2018-119","TG18_MS1_CS_351","Botanikprobe","MS1, Sued von Suedwand","MS1","Olea europaea","Sa/Fr","st","2018"
"255","15.12.2018","15.12.2018-116","TG18_MS1_CS_264","Holzkohle","MS2, S1+S2","MS2","Olea europaea","Fr","vk","2018"
"256","15.12.2018","15.12.2018-132","TG18_MS1_CS_270","Kerne","MS1, Suedwand aussen","MS1","Olea europaea","Fr","vk","2018"
"257","09.12.2018","9.12.2018-107","TG18_MS1_CS_042","Datteln, Dompalme, Kerne Früchte","MS2, in Schnitt X3, Aushub nach Westen hin","MS2","Phoenix dactylifera","Sa/Fr","st","2018"
"258","09.12.2018","9.12.2018-107","TG18_MS1_CS_042","Datteln, Dompalme, Kerne Früchte","MS2, in Schnitt X3, Aushub nach Westen hin","MS2","Phoenix dactylifera","Sa/Fr","st","2018"
"259","09.12.2018","9.12.2018-107","TG18_MS1_CS_042","Datteln, Dompalme, Kerne Früchte","MS2, in Schnitt X3, Aushub nach Westen hin","MS2","Phoenix dactylifera","Sa/Fr","st","2018"
"260","09.12.2018","9.12.2018-107","TG18_MS1_CS_042","Datteln, Dompalme, Kerne Früchte","MS2, in Schnitt X3, Aushub nach Westen hin","MS2","Phoenix dactylifera","Sa/Fr","st","2018"
"261","09.12.2018","9.12.2018-107","TG18_MS1_CS_042","Datteln, Dompalme, Kerne Früchte","MS2, in Schnitt X3, Aushub nach Westen hin","MS2","Phoenix dactylifera","Sa/Fr","st","2018"
"262","09.12.2018","9.12.2018-132","TG18_MS1_CS_052","Stoffreste","MS1, Nordwand, Streufund","MS1","Phoenix dactylifera","Sa/Fr","st","2018"
"263","09.12.2018","9.12.2018-170","TG18_MS1_CS_077","Dattel- und Pfirsichkern","MS2, Osten von M005, M009","MS2","Phoenix dactylifera","Sa/Fr","st","2018"
"264","09.12.2018","9.12.2018-170","TG18_MS1_CS_077","Dattel- und Pfirsichkern","MS2, Osten von M005, M009","MS2","Phoenix dactylifera","Sa/Fr","st","2018"
"265","09.12.2018","9.12.2018-170","TG18_MS1_CS_077","Dattel- und Pfirsichkern","MS2, Osten von M005, M009","MS2","Phoenix dactylifera","Sa/Fr","st","2018"
"266","09.12.2018","9.12.2018-170","TG18_MS1_CS_077","Dattel- und Pfirsichkern","MS2, Osten von M005, M009","MS2","Phoenix dactylifera","Sa/Fr","st","2018"
"267","09.12.2018","9.12.2018-170","TG18_MS1_CS_077","Dattel- und Pfirsichkern","MS2, Osten von M005, M009","MS2","Phoenix dactylifera","Sa/Fr","st","2018"
"268","09.12.2018","9.12.2018-170","TG18_MS1_CS_077","Dattel- und Pfirsichkern","MS2, Osten von M005, M009","MS2","Phoenix dactylifera","Sa/Fr","st","2018"
"269","09.12.2018","9.12.2018-170","TG18_MS1_CS_077","Dattel- und Pfirsichkern","MS2, Osten von M005, M009","MS2","Phoenix dactylifera","Sa/Fr","st","2018"
"270","09.12.2018","9.12.2018-171","TG18_MS1_CS_078","Dattelkern (?)","MS2, Westen von M005","MS2","Phoenix dactylifera","Sa/Fr","st","2018"
"271","10.12.2018","10.12.2018-118","TG18_MS1_CS_093","Kerne","MS2, M003 Ostseite","MS2","Phoenix dactylifera","Sa/Fr","st","2018"
"272","10.12.2018","10.12.2018-158","TG18_MS1_CS_119","Samen","MS2, Suederweiterung X2, obere Schicht","MS2","Phoenix dactylifera","Sa/Fr","st","2018"
"273","10.12.2018","10.12.2018-158","TG18_MS1_CS_119","Samen","MS2, Suederweiterung X2, obere Schicht","MS2","Phoenix dactylifera","Sa/Fr","st","2018"
"274","10.12.2018","10.12.2018-158","TG18_MS1_CS_119","Samen","MS2, Suederweiterung X2, obere Schicht","MS2","Phoenix dactylifera","Sa/Fr","st","2018"
"275","10.12.2018","10.12.2018-158","TG18_MS1_CS_119","Samen","MS2, Suederweiterung X2, obere Schicht","MS2","Phoenix dactylifera","Sa/Fr","st","2018"
"276","10.12.2018","10.12.2018-158","TG18_MS1_CS_119","Samen","MS2, Suederweiterung X2, obere Schicht","MS2","Phoenix dactylifera","Sa/Fr","st","2018"
"277","10.12.2018","10.12.2018-158","TG18_MS1_CS_119","Samen","MS2, Suederweiterung X2, obere Schicht","MS2","Phoenix dactylifera","Sa/Fr","st","2018"
"278","10.12.2018","10.12.2018-158","TG18_MS1_CS_119","Samen","MS2, Suederweiterung X2, obere Schicht","MS2","Phoenix dactylifera","Sa/Fr","st","2018"
"279","10.12.2018","10.12.2018-158","TG18_MS1_CS_119","Samen","MS2, Suederweiterung X2, obere Schicht","MS2","Phoenix dactylifera","Sa/Fr","st","2018"
"280","10.12.2018","10.12.2018-158","TG18_MS1_CS_119","Samen","MS2, Suederweiterung X2, obere Schicht","MS2","Phoenix dactylifera","Sa/Fr","st","2018"
"281","10.12.2018","10.12.2018-158","TG18_MS1_CS_119","Samen","MS2, Suederweiterung X2, obere Schicht","MS2","Phoenix dactylifera","Sa/Fr","st","2018"
"282","10.12.2018","10.12.2018-158","TG18_MS1_CS_119","Samen","MS2, Suederweiterung X2, obere Schicht","MS2","Phoenix dactylifera","Sa/Fr","st","2018"
"283","10.12.2018","10.12.2018-158","TG18_MS1_CS_119","Samen","MS2, Suederweiterung X2, obere Schicht","MS2","Phoenix dactylifera","Sa/Fr","st","2018"
"284","10.12.2018","10.12.2018-158","TG18_MS1_CS_119","Samen","MS2, Suederweiterung X2, obere Schicht","MS2","Phoenix dactylifera","Sa/Fr","st","2018"
"285","10.12.2018","10.12.2018-158","TG18_MS1_CS_119","Samen","MS2, Suederweiterung X2, obere Schicht","MS2","Phoenix dactylifera","Sa/Fr","st","2018"
"286","10.12.2018","10.12.2018-158","TG18_MS1_CS_119","Samen","MS2, Suederweiterung X2, obere Schicht","MS2","Phoenix dactylifera","Sa/Fr","st","2018"
"287","10.12.2018","10.12.2018-279","TG18_MS1_CS_128","Samen und Pflanzenreste","MS2, Westen von M007","MS2","Phoenix dactylifera","Sa/Fr","st","2018"
"288","10.12.2018","10.12.2018-279","TG18_MS1_CS_128","Samen und Pflanzenreste","MS2, Westen von M007","MS2","Phoenix dactylifera","Sa/Fr","st","2018"
"289","10.12.2018","10.12.2018-279","TG18_MS1_CS_128","Samen und Pflanzenreste","MS2, Westen von M007","MS2","Phoenix dactylifera","Sa/Fr","st","2018"
"290","10.12.2018","10.12.2018-279","TG18_MS1_CS_128","Samen und Pflanzenreste","MS2, Westen von M007","MS2","Phoenix dactylifera","Sa/Fr","st","2018"
"291","10.12.2018","10.12.2018-279","TG18_MS1_CS_128","Samen und Pflanzenreste","MS2, Westen von M007","MS2","Phoenix dactylifera","Sa/Fr","st","2018"
"292","10.12.2018","10.12.2018-279","TG18_MS1_CS_128","Samen und Pflanzenreste","MS2, Westen von M007","MS2","Phoenix dactylifera","Sa/Fr","st","2018"
"293","10.12.2018","10.12.2018-279","TG18_MS1_CS_128","Samen und Pflanzenreste","MS2, Westen von M007","MS2","Phoenix dactylifera","Sa/Fr","st","2018"
"294","11.12.2018","11.12.2018-168","TG18_MS1_CS_151","Kerne","MS2, auf Lehmzigelverbruch","MS2","Phoenix dactylifera","Sa/Fr","st","2018"
"295","11.12.2018","11.12.2018-188","TG18_MS1_CS_161","Kerne","MS2, Westen von M007","MS2","Phoenix dactylifera","Sa/Fr","st","2018"
"296","11.12.2018","11.12.2018-188","TG18_MS1_CS_161","Kerne","MS2, Westen von M007","MS2","Phoenix dactylifera","Sa/Fr","st","2018"
"297","11.12.2018","11.12.2018-188","TG18_MS1_CS_161","Kerne","MS2, Westen von M007","MS2","Phoenix dactylifera","Sa/Fr","st","2018"
"298","11.12.2018","11.12.2018-188","TG18_MS1_CS_161","Kerne","MS2, Westen von M007","MS2","Phoenix dactylifera","Sa/Fr","st","2018"
"299","11.12.2018","11.12.2018-188","TG18_MS1_CS_161","Kerne","MS2, Westen von M007","MS2","Phoenix dactylifera","Sa/Fr","st","2018"
"300","11.12.2018","11.12.2018-190","TG18_MS1_CS_163","Kerne","MS2, ausserhalb Sued-Ost-Ecke","MS2","Phoenix dactylifera","Sa/Fr","st","2018"
"301","11.12.2018","11.12.2018-190","TG18_MS1_CS_163","Kerne","MS2, ausserhalb Sued-Ost-Ecke","MS2","Phoenix dactylifera","Sa/Fr","st","2018"
"302","11.12.2018","11.12.2018-190","TG18_MS1_CS_163","Kerne","MS2, ausserhalb Sued-Ost-Ecke","MS2","Phoenix dactylifera","Sa/Fr","st","2018"
"303","11.12.2018","11.12.2018-190","TG18_MS1_CS_163","Kerne","MS2, ausserhalb Sued-Ost-Ecke","MS2","Phoenix dactylifera","Sa/Fr","st","2018"
"304","11.12.2018","11.12.2018-190","TG18_MS1_CS_163","Kerne","MS2, ausserhalb Sued-Ost-Ecke","MS2","Phoenix dactylifera","Sa/Fr","st","2018"
"305","11.12.2018","11.12.2018-190","TG18_MS1_CS_163","Kerne","MS2, ausserhalb Sued-Ost-Ecke","MS2","Phoenix dactylifera","Sa/Fr","st","2018"
"306","11.12.2018","11.12.2018-190","TG18_MS1_CS_163","Kerne","MS2, ausserhalb Sued-Ost-Ecke","MS2","Phoenix dactylifera","Sa/Fr","st","2018"
"307","11.12.2018","11.12.2018-190","TG18_MS1_CS_163","Kerne","MS2, ausserhalb Sued-Ost-Ecke","MS2","Phoenix dactylifera","Sa/Fr","st","2018"
"308","11.12.2018","11.12.2018-190","TG18_MS1_CS_163","Kerne","MS2, ausserhalb Sued-Ost-Ecke","MS2","Phoenix dactylifera","Sa/Fr","st","2018"
"309","11.12.2018","11.12.2018-190","TG18_MS1_CS_163","Kerne","MS2, ausserhalb Sued-Ost-Ecke","MS2","Phoenix dactylifera","Sa/Fr","st","2018"
"310","11.12.2018","11.12.2018-190","TG18_MS1_CS_163","Kerne","MS2, ausserhalb Sued-Ost-Ecke","MS2","Phoenix dactylifera","Sa/Fr","st","2018"
"311","12.12.2018","12.12.2018-104","TG18_MS1_CS_174","Kerne","MS2, Mauerkrone M004","MS2","Phoenix dactylifera","Sa/Fr","st","2018"
"312","12.12.2018","12.12.2018-104","TG18_MS1_CS_174","Kerne","MS2, Mauerkrone M004","MS2","Phoenix dactylifera","Sa/Fr","st","2018"
"313","12.12.2018","12.12.2018-104","TG18_MS1_CS_174","Kerne","MS2, Mauerkrone M004","MS2","Phoenix dactylifera","Sa/Fr","st","2018"
"314","12.12.2018","12.12.2018-104","TG18_MS1_CS_174","Kerne","MS2, Mauerkrone M004","MS2","Phoenix dactylifera","Sa/Fr","st","2018"
"315","12.12.2018","12.12.2018-104","TG18_MS1_CS_174","Kerne","MS2, Mauerkrone M004","MS2","Phoenix dactylifera","Sa/Fr","st","2018"
"316","12.12.2018","12.12.2018-104","TG18_MS1_CS_174","Kerne","MS2, Mauerkrone M004","MS2","Phoenix dactylifera","Sa/Fr","st","2018"
"317","12.12.2018","12.12.2018-104","TG18_MS1_CS_174","Kerne","MS2, Mauerkrone M004","MS2","Phoenix dactylifera","Sa/Fr","st","2018"
"318","12.12.2018","12.12.2018-104","TG18_MS1_CS_174","Kerne","MS2, Mauerkrone M004","MS2","Phoenix dactylifera","Sa/Fr","st","2018"
"319","12.12.2018","12.12.2018-137","TG18_MS1_CS_192","Kern","MS2, Sueden zw. M004&M006","MS2","Phoenix dactylifera","Sa/Fr","st","2018"
"320","12.12.2018","12.12.2018-142","TG18_MS1_CS_196","Kerne","MS1, Ostwand oestlich","MS1","Phoenix dactylifera","Sa/Fr","st","2018"
"321","12.12.2018","12.12.2018-142","TG18_MS1_CS_196","Kerne","MS1, Ostwand oestlich","MS1","Phoenix dactylifera","Sa/Fr","st","2018"
"322","12.12.2018","12.12.2018-142","TG18_MS1_CS_196","Kerne","MS1, Ostwand oestlich","MS1","Phoenix dactylifera","Sa/Fr","st","2018"
"323","13.12.2018","13.12.2018-126","TG18_MS1_CS_219","Kern","MS2, Osten von M004","MS2","Phoenix dactylifera","Sa/Fr","st","2018"
"324","13.12.2018","13.12.2018-145","TG18_MS1_CS_231","Frucht, Kerne, Zwiebelschale","MS1, Suedwand aussen","MS1","Phoenix dactylifera","Sa/Fr","st","2018"
"325","13.12.2018","13.12.2018-145","TG18_MS1_CS_231","Frucht, Kerne, Zwiebelschale","MS1, Suedwand aussen","MS1","Phoenix dactylifera","Sa/Fr","st","2018"
"326","13.12.2018","13.12.2018-162","TG18_MS1_CS_239","Früchte, Kerne, Zwiebelschale","MS2, Westen von M005, M006, M008","MS2","Phoenix dactylifera","Sa/Fr","st","2018"
"327","13.12.2018","13.12.2018-162","TG18_MS1_CS_239","Früchte, Kerne, Zwiebelschale","MS2, Westen von M005, M006, M008","MS2","Phoenix dactylifera","Sa/Fr","st","2018"
"328","13.12.2018","13.12.2018-162","TG18_MS1_CS_239","Früchte, Kerne, Zwiebelschale","MS2, Westen von M005, M006, M008","MS2","Phoenix dactylifera","Sa/Fr","st","2018"
"329","13.12.2018","13.12.2018-162","TG18_MS1_CS_239","Früchte, Kerne, Zwiebelschale","MS2, Westen von M005, M006, M008","MS2","Phoenix dactylifera","Sa/Fr","st","2018"
"330","15.12.2018","15.12.2018-132","TG18_MS1_CS_270","Kerne","MS1, Suedwand aussen","MS1","Phoenix dactylifera","Sa/Fr","st","2018"
"331","15.12.2018","15.12.2018-132","TG18_MS1_CS_270","Kerne","MS1, Suedwand aussen","MS1","Phoenix dactylifera","Sa/Fr","st","2018"
"332","15.12.2018","15.12.2018-143","TG18_MS1_CS_279","Kern","MS2, um M008","MS2","Phoenix dactylifera","Sa/Fr","st","2018"
"333","16.12.2018","16.12.2018-112","TG18_MS1_CS_291","Kern","MS2, Sued-Ost von M006","MS2","Phoenix dactylifera","Sa/Fr","st","2018"
"334","16.12.2018","16.12.2018-122","TG18_MS1_CS_297","Probe","MS2, zw. M004 und M008","MS2","Phoenix dactylifera","Sa/Fr","st","2018"
"335","16.12.2018","16.12.2018-122","TG18_MS1_CS_297","Probe","MS2, zw. M004 und M008","MS2","Phoenix dactylifera","Sa/Fr","st","2018"
"336","16.12.2018","16.12.2018-122","TG18_MS1_CS_297","Probe","MS2, zw. M004 und M008","MS2","Phoenix dactylifera","Sa/Fr","st","2018"
"337","16.12.2018","16.12.2018-122","TG18_MS1_CS_297","Probe","MS2, zw. M004 und M008","MS2","Phoenix dactylifera","Sa/Fr","st","2018"
"338","16.12.2018","16.12.2018-134","TG18_MS1_CS_305","Kerne und Früchte","MS2, zw. M004, M006 und Matte","MS2","Phoenix dactylifera","Sa/Fr","st","2018"
"339","16.12.2018","16.12.2018-134","TG18_MS1_CS_305","Kerne und Früchte","MS2, zw. M004, M006 und Matte","MS2","Phoenix dactylifera","Sa/Fr","st","2018"
"340","16.12.2018","16.12.2018-134","TG18_MS1_CS_305","Kerne und Früchte","MS2, zw. M004, M006 und Matte","MS2","Phoenix dactylifera","Sa/Fr","st","2018"
"341","16.12.2018","16.12.2018-134","TG18_MS1_CS_305","Kerne und Früchte","MS2, zw. M004, M006 und Matte","MS2","Phoenix dactylifera","Sa/Fr","st","2018"
"342","16.12.2018","16.12.2018-134","TG18_MS1_CS_305","Kerne und Früchte","MS2, zw. M004, M006 und Matte","MS2","Phoenix dactylifera","Sa/Fr","st","2018"
"343","16.12.2018","16.12.2018-134","TG18_MS1_CS_305","Kerne und Früchte","MS2, zw. M004, M006 und Matte","MS2","Phoenix dactylifera","Sa/Fr","st","2018"
"344","16.12.2018","16.12.2018-134","TG18_MS1_CS_305","Kerne und Früchte","MS2, zw. M004, M006 und Matte","MS2","Phoenix dactylifera","Sa/Fr","st","2018"
"345","16.12.2018","16.12.2018-134","TG18_MS1_CS_305","Kerne und Früchte","MS2, zw. M004, M006 und Matte","MS2","Phoenix dactylifera","Sa/Fr","st","2018"
"346","16.12.2018","16.12.2018-134","TG18_MS1_CS_305","Kerne und Früchte","MS2, zw. M004, M006 und Matte","MS2","Phoenix dactylifera","Sa/Fr","st","2018"
"347","16.12.2018","16.12.2018-134","TG18_MS1_CS_305","Kerne und Früchte","MS2, zw. M004, M006 und Matte","MS2","Phoenix dactylifera","Sa/Fr","st","2018"
"348","16.12.2018","16.12.2018-134","TG18_MS1_CS_305","Kerne und Früchte","MS2, zw. M004, M006 und Matte","MS2","Phoenix dactylifera","Sa/Fr","st","2018"
"349","16.12.2018","16.12.2018-134","TG18_MS1_CS_305","Kerne und Früchte","MS2, zw. M004, M006 und Matte","MS2","Phoenix dactylifera","Sa/Fr","st","2018"
"350","16.12.2018","16.12.2018-134","TG18_MS1_CS_305","Kerne und Früchte","MS2, zw. M004, M006 und Matte","MS2","Phoenix dactylifera","Sa/Fr","st","2018"
"351","16.12.2018","16.12.2018-134","TG18_MS1_CS_305","Kerne und Früchte","MS2, zw. M004, M006 und Matte","MS2","Phoenix dactylifera","Sa/Fr","st","2018"
"352","16.12.2018","16.12.2018-134","TG18_MS1_CS_305","Kerne und Früchte","MS2, zw. M004, M006 und Matte","MS2","Phoenix dactylifera","Sa/Fr","st","2018"
"353","16.12.2018","16.12.2018-134","TG18_MS1_CS_305","Kerne und Früchte","MS2, zw. M004, M006 und Matte","MS2","Phoenix dactylifera","Sa/Fr","st","2018"
"354","16.12.2018","16.12.2018-134","TG18_MS1_CS_305","Kerne und Früchte","MS2, zw. M004, M006 und Matte","MS2","Phoenix dactylifera","Sa/Fr","st","2018"
"355","16.12.2018","16.12.2018-134","TG18_MS1_CS_305","Kerne und Früchte","MS2, zw. M004, M006 und Matte","MS2","Phoenix dactylifera","Sa/Fr","st","2018"
"356","16.12.2018","16.12.2018-134","TG18_MS1_CS_305","Kerne und Früchte","MS2, zw. M004, M006 und Matte","MS2","Phoenix dactylifera","Sa/Fr","st","2018"
"357","16.12.2018","16.12.2018-134","TG18_MS1_CS_305","Kerne und Früchte","MS2, zw. M004, M006 und Matte","MS2","Phoenix dactylifera","Sa/Fr","st","2018"
"358","16.12.2018","16.12.2018-134","TG18_MS1_CS_305","Kerne und Früchte","MS2, zw. M004, M006 und Matte","MS2","Phoenix dactylifera","Sa/Fr","st","2018"
"359","16.12.2018","16.12.2018-134","TG18_MS1_CS_305","Kerne und Früchte","MS2, zw. M004, M006 und Matte","MS2","Phoenix dactylifera","Sa/Fr","st","2018"
"360","16.12.2018","16.12.2018-134","TG18_MS1_CS_305","Kerne und Früchte","MS2, zw. M004, M006 und Matte","MS2","Phoenix dactylifera","Sa/Fr","st","2018"
"361","16.12.2018","16.12.2018-134","TG18_MS1_CS_305","Kerne und Früchte","MS2, zw. M004, M006 und Matte","MS2","Phoenix dactylifera","Sa/Fr","st","2018"
"362","16.12.2018","16.12.2018-134","TG18_MS1_CS_305","Kerne und Früchte","MS2, zw. M004, M006 und Matte","MS2","Phoenix dactylifera","Sa/Fr","st","2018"
"363","16.12.2018","16.12.2018-134","TG18_MS1_CS_305","Kerne und Früchte","MS2, zw. M004, M006 und Matte","MS2","Phoenix dactylifera","Sa/Fr","st","2018"
"364","16.12.2018","16.12.2018-134","TG18_MS1_CS_305","Kerne und Früchte","MS2, zw. M004, M006 und Matte","MS2","Phoenix dactylifera","Sa/Fr","st","2018"
"365","16.12.2018","16.12.2018-134","TG18_MS1_CS_305","Kerne und Früchte","MS2, zw. M004, M006 und Matte","MS2","Phoenix dactylifera","Sa/Fr","st","2018"
"366","16.12.2018","16.12.2018-136","TG18_MS1_CS_307","Dattelkome (?)","MS2, zw. M008 und Suedwand","MS2","Phoenix dactylifera","Sa/Fr","st","2018"
"367","16.12.2018","16.12.2018-136","TG18_MS1_CS_307","Dattelkome (?)","MS2, zw. M008 und Suedwand","MS2","Phoenix dactylifera","Sa/Fr","st","2018"
"368","16.12.2018","16.12.2018-136","TG18_MS1_CS_307","Dattelkome (?)","MS2, zw. M008 und Suedwand","MS2","Phoenix dactylifera","Sa/Fr","st","2018"
"369","16.12.2018","16.12.2018-136","TG18_MS1_CS_307","Dattelkome (?)","MS2, zw. M008 und Suedwand","MS2","Phoenix dactylifera","Sa/Fr","st","2018"
"370","16.12.2018","16.12.2018-136","TG18_MS1_CS_307","Dattelkome (?)","MS2, zw. M008 und Suedwand","MS2","Phoenix dactylifera","Sa/Fr","st","2018"
"371","16.12.2018","16.12.2018-138","TG18_MS1_CS_308","Botanikprobe","MS2, zw. M008 und Suedwand","MS2","Phoenix dactylifera","Sa/Fr","st","2018"
"372","16.12.2018","16.12.2018-138","TG18_MS1_CS_308","Botanikprobe","MS2, zw. M008 und Suedwand","MS2","Phoenix dactylifera","Sa/Fr","st","2018"
"373","16.12.2018","16.12.2018-138","TG18_MS1_CS_308","Botanikprobe","MS2, zw. M008 und Suedwand","MS2","Phoenix dactylifera","Sa/Fr","st","2018"
"374","16.12.2018","16.12.2018-138","TG18_MS1_CS_308","Botanikprobe","MS2, zw. M008 und Suedwand","MS2","Phoenix dactylifera","Sa/Fr","st","2018"
"375","16.12.2018","16.12.2018-138","TG18_MS1_CS_308","Botanikprobe","MS2, zw. M008 und Suedwand","MS2","Phoenix dactylifera","Sa/Fr","st","2018"
"376","16.12.2018","16.12.2018-138","TG18_MS1_CS_308","Botanikprobe","MS2, zw. M008 und Suedwand","MS2","Phoenix dactylifera","Sa/Fr","st","2018"
"377","16.12.2018","16.12.2018-138","TG18_MS1_CS_308","Botanikprobe","MS2, zw. M008 und Suedwand","MS2","Phoenix dactylifera","Sa/Fr","st","2018"
"378","16.12.2018","16.12.2018-138","TG18_MS1_CS_308","Botanikprobe","MS2, zw. M008 und Suedwand","MS2","Phoenix dactylifera","Sa/Fr","st","2018"
"379","16.12.2018","16.12.2018-138","TG18_MS1_CS_308","Botanikprobe","MS2, zw. M008 und Suedwand","MS2","Phoenix dactylifera","Sa/Fr","st","2018"
"380","16.12.2018","16.12.2018-138","TG18_MS1_CS_308","Botanikprobe","MS2, zw. M008 und Suedwand","MS2","Phoenix dactylifera","Sa/Fr","st","2018"
"381","16.12.2018","16.12.2018-138","TG18_MS1_CS_308","Botanikprobe","MS2, zw. M008 und Suedwand","MS2","Phoenix dactylifera","Sa/Fr","st","2018"
"382","16.12.2018","16.12.2018-138","TG18_MS1_CS_308","Botanikprobe","MS2, zw. M008 und Suedwand","MS2","Phoenix dactylifera","Sa/Fr","st","2018"
"383","16.12.2018","16.12.2018-138","TG18_MS1_CS_308","Botanikprobe","MS2, zw. M008 und Suedwand","MS2","Phoenix dactylifera","Sa/Fr","st","2018"
"384","16.12.2018","16.12.2018-146","TG18_MS1_CS_311","Botanikprobe","MS2, Osten von M004 (Norden von 10.12.2018-102)","MS2","Phoenix dactylifera","Sa/Fr","st","2018"
"385","16.12.2018","16.12.2018-146","TG18_MS1_CS_311","Botanikprobe","MS2, Osten von M004 (Norden von 10.12.2018-102)","MS2","Phoenix dactylifera","Sa/Fr","st","2018"
"386","16.12.2018","16.12.2018-149","TG18_MS1_CS_313","Kerne, Früchte, Zwiebelschale","MS1, Nordwand aussen, nahe Nord-Ost-Ecke","MS1","Phoenix dactylifera","Sa/Fr","st","2018"
"387","16.12.2018","16.12.2018-149","TG18_MS1_CS_313","Kerne, Früchte, Zwiebelschale","MS1, Nordwand aussen, nahe Nord-Ost-Ecke","MS1","Phoenix dactylifera","Sa/Fr","st","2018"
"388","16.12.2018","16.12.2018-149","TG18_MS1_CS_313","Kerne, Früchte, Zwiebelschale","MS1, Nordwand aussen, nahe Nord-Ost-Ecke","MS1","Phoenix dactylifera","Sa/Fr","st","2018"
"389","16.12.2018","16.12.2018-149","TG18_MS1_CS_313","Kerne, Früchte, Zwiebelschale","MS1, Nordwand aussen, nahe Nord-Ost-Ecke","MS1","Phoenix dactylifera","Sa/Fr","st","2018"
"390","16.12.2018","16.12.2018-149","TG18_MS1_CS_313","Kerne, Früchte, Zwiebelschale","MS1, Nordwand aussen, nahe Nord-Ost-Ecke","MS1","Phoenix dactylifera","Sa/Fr","st","2018"
"391","16.12.2018","16.12.2018-149","TG18_MS1_CS_313","Kerne, Früchte, Zwiebelschale","MS1, Nordwand aussen, nahe Nord-Ost-Ecke","MS1","Phoenix dactylifera","Sa/Fr","st","2018"
"392","16.12.2018","16.12.2018-149","TG18_MS1_CS_313","Kerne, Früchte, Zwiebelschale","MS1, Nordwand aussen, nahe Nord-Ost-Ecke","MS1","Phoenix dactylifera","Sa/Fr","st","2018"
"393","16.12.2018","16.12.2018-149","TG18_MS1_CS_313","Kerne, Früchte, Zwiebelschale","MS1, Nordwand aussen, nahe Nord-Ost-Ecke","MS1","Phoenix dactylifera","Sa/Fr","st","2018"
"394","16.12.2018","16.12.2018-149","TG18_MS1_CS_313","Kerne, Früchte, Zwiebelschale","MS1, Nordwand aussen, nahe Nord-Ost-Ecke","MS1","Phoenix dactylifera","Sa/Fr","st","2018"
"395","16.12.2018","16.12.2018-149","TG18_MS1_CS_313","Kerne, Früchte, Zwiebelschale","MS1, Nordwand aussen, nahe Nord-Ost-Ecke","MS1","Phoenix dactylifera","Sa/Fr","st","2018"
"396","16.12.2018","16.12.2018-149","TG18_MS1_CS_313","Kerne, Früchte, Zwiebelschale","MS1, Nordwand aussen, nahe Nord-Ost-Ecke","MS1","Phoenix dactylifera","Sa/Fr","st","2018"
"397","16.12.2018","16.12.2018-149","TG18_MS1_CS_313","Kerne, Früchte, Zwiebelschale","MS1, Nordwand aussen, nahe Nord-Ost-Ecke","MS1","Phoenix dactylifera","Sa/Fr","st","2018"
"398","16.12.2018","16.12.2018-149","TG18_MS1_CS_313","Kerne, Früchte, Zwiebelschale","MS1, Nordwand aussen, nahe Nord-Ost-Ecke","MS1","Phoenix dactylifera","Sa/Fr","st","2018"
"399","16.12.2018","16.12.2018-149","TG18_MS1_CS_313","Kerne, Früchte, Zwiebelschale","MS1, Nordwand aussen, nahe Nord-Ost-Ecke","MS1","Phoenix dactylifera","Sa/Fr","st","2018"
"400","16.12.2018","16.12.2018-149","TG18_MS1_CS_313","Kerne, Früchte, Zwiebelschale","MS1, Nordwand aussen, nahe Nord-Ost-Ecke","MS1","Phoenix dactylifera","Sa/Fr","st","2018"
"401","16.12.2018","16.12.2018-149","TG18_MS1_CS_313","Kerne, Früchte, Zwiebelschale","MS1, Nordwand aussen, nahe Nord-Ost-Ecke","MS1","Phoenix dactylifera","Sa/Fr","st","2018"
"402","16.12.2018","16.12.2018-149","TG18_MS1_CS_313","Kerne, Früchte, Zwiebelschale","MS1, Nordwand aussen, nahe Nord-Ost-Ecke","MS1","Phoenix dactylifera","Sa/Fr","st","2018"
"403","18.12.2018","18.12.2018-119","TG18_MS1_CS_351","Botanikprobe","MS1, Sued von Suedwand","MS1","Phoenix dactylifera","Sa/Fr","st","2018"
"404","18.12.2018","18.12.2018-119","TG18_MS1_CS_351","Botanikprobe","MS1, Sued von Suedwand","MS1","Phoenix dactylifera","Sa/Fr","st","2018"
"405","18.12.2018","18.12.2018-119","TG18_MS1_CS_351","Botanikprobe","MS1, Sued von Suedwand","MS1","Phoenix dactylifera","Sa/Fr","st","2018"
"406","18.12.2018","18.12.2018-119","TG18_MS1_CS_351","Botanikprobe","MS1, Sued von Suedwand","MS1","Phoenix dactylifera","Sa/Fr","st","2018"
"407","19.12.2018","19.12.2018-105","TG18_MS1_CS_372","Botanikprobe","MS2, X2 Suederweiterung","MS2","Phoenix dactylifera","Sa/Fr","st","2018"
"408","19.12.2018","19.12.2018-105","TG18_MS1_CS_372","Botanikprobe","MS2, X2 Suederweiterung","MS2","Phoenix dactylifera","Sa/Fr","st","2018"
"409","19.12.2018","19.12.2018-105","TG18_MS1_CS_372","Botanikprobe","MS2, X2 Suederweiterung","MS2","Phoenix dactylifera","Sa/Fr","st","2018"
"410","19.12.2018","19.12.2018-105","TG18_MS1_CS_372","Botanikprobe","MS2, X2 Suederweiterung","MS2","Phoenix dactylifera","Sa/Fr","st","2018"
"411","19.12.2018","19.12.2018-105","TG18_MS1_CS_372","Botanikprobe","MS2, X2 Suederweiterung","MS2","Phoenix dactylifera","Sa/Fr","st","2018"
"412","19.12.2018","19.12.2018-105","TG18_MS1_CS_372","Botanikprobe","MS2, X2 Suederweiterung","MS2","Phoenix dactylifera","Sa/Fr","st","2018"
"413","19.12.2018","19.12.2018-110","TG18_MS1_CS_375","Kern und Frucht","MS2, auf Matte A, im Sueden","MS2","Phoenix dactylifera","Sa/Fr","st","2018"
"414","16.12.2018","16.12.2018-138","TG18_MS1_CS_308","Botanikprobe","MS2, zw. M008 und Suedwand","MS2","Pinus pinea","PeKarp","st","2018"
"415","10.12.2018","10.12.2018-171","TG18_MS1_CS_124","Korbstücke","MS2, Suederweiterung X2, obere Schicht","MS2","Poaceae","Hano","st","2018"
"416","16.12.2018","16.12.2018-138","TG18_MS1_CS_308","Botanikprobe","MS2, zw. M008 und Suedwand","MS2","Poaceae","Hano","st","2018"
"417","17.12.2018","17.12.2018-107","TG18_MS1_CS_326","Holz und andere Botanik","MS2, Matte rs (?)","MS2","Poaceae","Hano","st","2018"
"418","16.12.2018","16.12.2018-155","TG18_MS1_CS_316","Probe","MS2, Osten von M004 (Norden von 10.12.2018-102)","MS2","Poaceae","Hal","st","2018"
"419","09.12.2018","9.12.2018-170","TG18_MS1_CS_077","Dattel- und Pfirsichkern","MS2, Osten von M005, M009","MS2","Prunus persica","Sa/Fr","st","2018"
"420","10.12.2018","10.12.2018-158","TG18_MS1_CS_119","Samen","MS2, Suederweiterung X2, obere Schicht","MS2","Prunus persica","Sa/Fr","st","2018"
"421","10.12.2018","10.12.2018-158","TG18_MS1_CS_119","Samen","MS2, Suederweiterung X2, obere Schicht","MS2","Prunus persica","Sa/Fr","st","2018"
"422","16.12.2018","16.12.2018-138","TG18_MS1_CS_308","Botanikprobe","MS2, zw. M008 und Suedwand","MS2","Prunus persica","Sa/Fr","st","2018"
"423","16.12.2018","16.12.2018-149","TG18_MS1_CS_313","Kerne, Früchte, Zwiebelschale","MS1, Nordwand aussen, nahe Nord-Ost-Ecke","MS1","Prunus spinosa","Fr","st","2018"
"424","16.12.2018","16.12.2018-149","TG18_MS1_CS_313","Kerne, Früchte, Zwiebelschale","MS1, Nordwand aussen, nahe Nord-Ost-Ecke","MS1","Prunus spinosa","Sa/Fr","st","2018"
"425","08.12.2018","8.12.2018-111","TG18_MS1_CS_027","Granatapfel","MS2, im Westen von M005","MS2","Punica","Fr","st","2018"
"426","16.12.2018","16.12.2018-122","TG18_MS1_CS_297","Probe","MS2, zw. M004 und M008","MS2","Scirpus tuberosus","Frust","st","2018"
"427","16.12.2018","16.12.2018-138","TG18_MS1_CS_308","Botanikprobe","MS2, zw. M008 und Suedwand","MS2","Scirpus tuberosus","Frust","st","2018"
"428","10.12.2018","10.12.2018-171","TG18_MS1_CS_124","Korbstücke","MS2, Suederweiterung X2, obere Schicht","MS2","Scirpus tuberosus","Sa/Fr","st","2018"
"429","16.12.2018","16.12.2018-138","TG18_MS1_CS_308","Botanikprobe","MS2, zw. M008 und Suedwand","MS2","Trifolium alexandrinum","Sa/Fr","vk","2018"
"430","10.12.2018","10.12.2018-158","TG18_MS1_CS_119","Samen","MS2, Suederweiterung X2, obere Schicht","MS2","Trifolium alexandrinum","Blüst","st","2018"
"431","10.12.2018","10.12.2018-158","TG18_MS1_CS_119","Samen","MS2, Suederweiterung X2, obere Schicht","MS2","Trifolium alexandrinum","Blüst","st","2018"
"432","16.12.2018","16.12.2018-138","TG18_MS1_CS_308","Botanikprobe","MS2, zw. M008 und Suedwand","MS2","Trifolium alexandrinum","Blüst","st","2018"
"433","16.12.2018","16.12.2018-149","TG18_MS1_CS_313","Kerne, Früchte, Zwiebelschale","MS1, Nordwand aussen, nahe Nord-Ost-Ecke","MS1","Trifolium alexandrinum","Blüst","st","2018"
"434","16.12.2018","16.12.2018-138","TG18_MS1_CS_308","Botanikprobe","MS2, zw. M008 und Suedwand","MS2","Triticum dicoccum","Ähr","st","2018"
"435","16.12.2018","16.12.2018-149","TG18_MS1_CS_313","Kerne, Früchte, Zwiebelschale","MS1, Nordwand aussen, nahe Nord-Ost-Ecke","MS1","Triticum dicoccum","Ähr","st","2018"
"436","16.12.2018","16.12.2018-149","TG18_MS1_CS_313","Kerne, Früchte, Zwiebelschale","MS1, Nordwand aussen, nahe Nord-Ost-Ecke","MS1","Triticum durum turgidum","Ähr","st","2018"
"437","16.12.2018","16.12.2018-149","TG18_MS1_CS_313","Kerne, Früchte, Zwiebelschale","MS1, Nordwand aussen, nahe Nord-Ost-Ecke","MS1","Triticum durum turgidum","Ährbas","st","2018"
"438","16.12.2018","16.12.2018-138","TG18_MS1_CS_308","Botanikprobe","MS2, zw. M008 und Suedwand","MS2","Triticum durum turgidum","Spi","st","2018"
"439","16.12.2018","16.12.2018-138","TG18_MS1_CS_308","Botanikprobe","MS2, zw. M008 und Suedwand","MS2","Triticum durum turgidum","Spi","st","2018"
"440","16.12.2018","16.12.2018-138","TG18_MS1_CS_308","Botanikprobe","MS2, zw. M008 und Suedwand","MS2","Triticum durum turgidum","Spi","st","2018"
"441","16.12.2018","16.12.2018-138","TG18_MS1_CS_308","Botanikprobe","MS2, zw. M008 und Suedwand","MS2","Triticum durum turgidum","Spi","st","2018"
"442","16.12.2018","16.12.2018-138","TG18_MS1_CS_308","Botanikprobe","MS2, zw. M008 und Suedwand","MS2","Triticum durum turgidum","Spi","st","2018"
"443","16.12.2018","16.12.2018-149","TG18_MS1_CS_313","Kerne, Früchte, Zwiebelschale","MS1, Nordwand aussen, nahe Nord-Ost-Ecke","MS1","Triticum durum turgidum","Spi","st","2018"
"444","16.12.2018","16.12.2018-149","TG18_MS1_CS_313","Kerne, Früchte, Zwiebelschale","MS1, Nordwand aussen, nahe Nord-Ost-Ecke","MS1","Triticum durum turgidum","Spi","st","2018"
"445","16.12.2018","16.12.2018-149","TG18_MS1_CS_313","Kerne, Früchte, Zwiebelschale","MS1, Nordwand aussen, nahe Nord-Ost-Ecke","MS1","Triticum durum turgidum","Spi","st","2018"
"446","16.12.2018","16.12.2018-149","TG18_MS1_CS_313","Kerne, Früchte, Zwiebelschale","MS1, Nordwand aussen, nahe Nord-Ost-Ecke","MS1","Triticum durum turgidum","Spi","st","2018"
"447","10.12.2018","10.12.2018-171","TG18_MS1_CS_124","Korbstücke","MS2, Suederweiterung X2, obere Schicht","MS2","cf. Vitis vinifera","Ra","st","2018"
"448","10.12.2018","10.12.2018-171","TG18_MS1_CS_124","Korbstücke","MS2, Suederweiterung X2, obere Schicht","MS2","cf. Vitis vinifera","Ra","st","2018"
"449","10.12.2018","10.12.2018-171","TG18_MS1_CS_124","Korbstücke","MS2, Suederweiterung X2, obere Schicht","MS2","cf. Vitis vinifera","Ra","st","2018"
"450","08.12.2018","8.12.2018-152","TG18_MS1_CS_039","Holzkohle","MS2, zw. Palmstamm und LZ-Verbruch","MS2","indeterminata","Ho","st","2018"
"451","09.12.2018","9.12.2018-107","TG18_MS1_CS_042","Datteln, Dompalme, Kerne Früchte","MS2, in Schnitt X3, Aushub nach Westen hin","MS2","indeterminata","Ho","st","2018"
"452","09.12.2018","9.12.2018-108","TG18_MS1_CS_043","Holz- und Palmholzstücke","MS2, in Schnitt X3, Aushub nach Westen hin","MS2","indeterminata","Ho","st","2018"
"453","09.12.2018","9.12.2018-108","TG18_MS1_CS_043","Holz- und Palmholzstücke","MS2, in Schnitt X3, Aushub nach Westen hin","MS2","indeterminata","Ho","st","2018"
"454","09.12.2018","9.12.2018-108","TG18_MS1_CS_043","Holz- und Palmholzstücke","MS2, in Schnitt X3, Aushub nach Westen hin","MS2","indeterminata","Ho","st","2018"
"455","09.12.2018","9.12.2018-127","TG18_MS1_CS_049","Fruchtstiel","MS2, Westen von M004","MS2","indeterminata","Ho","st","2018"
"456","09.12.2018","9.12.2018-140","TG18_MS1_CS_056","Samen (?)","MS2, Westen von M006","MS2","indeterminata","Ho","st","2018"
"457","10.12.2018","10.12.2018-124","TG18_MS1_CS_097","Holz und Frucht","MS1, Nordwand in Korbbefund","MS1","indeterminata","Ho","st","2018"
"458","10.12.2018","10.12.2018-124","TG18_MS1_CS_097","Holz und Frucht","MS1, Nordwand in Korbbefund","MS1","indeterminata","Ho","st","2018"
"459","10.12.2018","10.12.2018-124","TG18_MS1_CS_097","Holz und Frucht","MS1, Nordwand in Korbbefund","MS1","indeterminata","Ho","st","2018"
"460","10.12.2018","10.12.2018-138","TG18_MS1_CS_107","Holzstück und Kern","MS2, zw. M004 und Korb 10.12.2018-102","MS2","indeterminata","Ho","st","2018"
"461","12.12.2018","12.12.2018-143","TG18_MS1_CS_197","Holz- und Rohrstücke","MS1, Ostwand oestlich","MS1","indeterminata","Ho","st","2018"
"462","12.12.2018","12.12.2018-143","TG18_MS1_CS_197","Holz- und Rohrstücke","MS1, Ostwand oestlich","MS1","indeterminata","Ho","st","2018"
"463","12.12.2018","12.12.2018-143","TG18_MS1_CS_197","Holz- und Rohrstücke","MS1, Ostwand oestlich","MS1","indeterminata","Ho","st","2018"
"464","12.12.2018","12.12.2018-143","TG18_MS1_CS_197","Holz- und Rohrstücke","MS1, Ostwand oestlich","MS1","indeterminata","Ho","st","2018"
"465","12.12.2018","12.12.2018-143","TG18_MS1_CS_197","Holz- und Rohrstücke","MS1, Ostwand oestlich","MS1","indeterminata","Ho","st","2018"
"466","12.12.2018","12.12.2018-143","TG18_MS1_CS_197","Holz- und Rohrstücke","MS1, Ostwand oestlich","MS1","indeterminata","Ho","st","2018"
"467","12.12.2018","12.12.2018-143","TG18_MS1_CS_197","Holz- und Rohrstücke","MS1, Ostwand oestlich","MS1","indeterminata","Ho","st","2018"
"468","13.12.2018","13.12.2018-146","TG18_MS1_CS_232","Holz","MS1, Suedwand aussen","MS1","indeterminata","Ho","st","2018"
"469","13.12.2018","13.12.2018-146","TG18_MS1_CS_232","Holz","MS1, Suedwand aussen","MS1","indeterminata","Ho","st","2018"
"470","13.12.2018","13.12.2018-146","TG18_MS1_CS_232","Holz","MS1, Suedwand aussen","MS1","indeterminata","Ho","st","2018"
"471","13.12.2018","13.12.2018-183","TG18_MS1_CS_248","Holzstück und Palmenfrüchte","MS1, Ostwand aussen","MS1","indeterminata","Ho","st","2018"
"472","16.12.2018","16.12.2018-138","TG18_MS1_CS_308","Botanikprobe","MS2, zw. M008 und Suedwand","MS2","indeterminata","Ho","st","2018"
"473","16.12.2018","16.12.2018-138","TG18_MS1_CS_308","Botanikprobe","MS2, zw. M008 und Suedwand","MS2","indeterminata","Ho","st","2018"
"474","16.12.2018","16.12.2018-138","TG18_MS1_CS_308","Botanikprobe","MS2, zw. M008 und Suedwand","MS2","indeterminata","Ho","st","2018"
"475","16.12.2018","16.12.2018-138","TG18_MS1_CS_308","Botanikprobe","MS2, zw. M008 und Suedwand","MS2","indeterminata","Ho","st","2018"
"476","16.12.2018","16.12.2018-155","TG18_MS1_CS_316","Probe","MS2, Osten von M004 (Norden von 10.12.2018-102)","MS2","indeterminata","Ho","st","2018"
"477","16.12.2018","16.12.2018-155","TG18_MS1_CS_316","Probe","MS2, Osten von M004 (Norden von 10.12.2018-102)","MS2","indeterminata","Ho","st","2018"
"478","16.12.2018","16.12.2018-155","TG18_MS1_CS_316","Probe","MS2, Osten von M004 (Norden von 10.12.2018-102)","MS2","indeterminata","Ho","st","2018"
"479","16.12.2018","16.12.2018-155","TG18_MS1_CS_316","Probe","MS2, Osten von M004 (Norden von 10.12.2018-102)","MS2","indeterminata","Ho","st","2018"
"480","16.12.2018","16.12.2018-155","TG18_MS1_CS_316","Probe","MS2, Osten von M004 (Norden von 10.12.2018-102)","MS2","indeterminata","Ho","st","2018"
"481","16.12.2018","16.12.2018-155","TG18_MS1_CS_316","Probe","MS2, Osten von M004 (Norden von 10.12.2018-102)","MS2","indeterminata","Ho","st","2018"
"482","16.12.2018","16.12.2018-155","TG18_MS1_CS_316","Probe","MS2, Osten von M004 (Norden von 10.12.2018-102)","MS2","indeterminata","Ho","st","2018"
"483","16.12.2018","16.12.2018-155","TG18_MS1_CS_316","Probe","MS2, Osten von M004 (Norden von 10.12.2018-102)","MS2","indeterminata","Ho","st","2018"
"484","16.12.2018","16.12.2018-155","TG18_MS1_CS_316","Probe","MS2, Osten von M004 (Norden von 10.12.2018-102)","MS2","indeterminata","Ho","st","2018"
"485","16.12.2018","16.12.2018-155","TG18_MS1_CS_316","Probe","MS2, Osten von M004 (Norden von 10.12.2018-102)","MS2","indeterminata","Ho","st","2018"
"486","16.12.2018","16.12.2018-155","TG18_MS1_CS_316","Probe","MS2, Osten von M004 (Norden von 10.12.2018-102)","MS2","indeterminata","Ho","st","2018"
"487","16.12.2018","16.12.2018-155","TG18_MS1_CS_316","Probe","MS2, Osten von M004 (Norden von 10.12.2018-102)","MS2","indeterminata","Ho","st","2018"
"488","16.12.2018","16.12.2018-155","TG18_MS1_CS_316","Probe","MS2, Osten von M004 (Norden von 10.12.2018-102)","MS2","indeterminata","Ho","st","2018"
"489","16.12.2018","16.12.2018-155","TG18_MS1_CS_316","Probe","MS2, Osten von M004 (Norden von 10.12.2018-102)","MS2","indeterminata","Ho","st","2018"
"490","16.12.2018","16.12.2018-155","TG18_MS1_CS_316","Probe","MS2, Osten von M004 (Norden von 10.12.2018-102)","MS2","indeterminata","Ho","st","2018"
"491","16.12.2018","16.12.2018-155","TG18_MS1_CS_316","Probe","MS2, Osten von M004 (Norden von 10.12.2018-102)","MS2","indeterminata","Ho","st","2018"
"492","16.12.2018","16.12.2018-155","TG18_MS1_CS_316","Probe","MS2, Osten von M004 (Norden von 10.12.2018-102)","MS2","indeterminata","Ho","st","2018"
"493","16.12.2018","16.12.2018-155","TG18_MS1_CS_316","Probe","MS2, Osten von M004 (Norden von 10.12.2018-102)","MS2","indeterminata","Ho","st","2018"
"494","16.12.2018","16.12.2018-155","TG18_MS1_CS_316","Probe","MS2, Osten von M004 (Norden von 10.12.2018-102)","MS2","indeterminata","Ho","st","2018"
"495","16.12.2018","16.12.2018-155","TG18_MS1_CS_316","Probe","MS2, Osten von M004 (Norden von 10.12.2018-102)","MS2","indeterminata","Ho","st","2018"
"496","16.12.2018","16.12.2018-155","TG18_MS1_CS_316","Probe","MS2, Osten von M004 (Norden von 10.12.2018-102)","MS2","indeterminata","Ho","st","2018"
"497","16.12.2018","16.12.2018-155","TG18_MS1_CS_316","Probe","MS2, Osten von M004 (Norden von 10.12.2018-102)","MS2","indeterminata","Ho","st","2018"
"498","16.12.2018","16.12.2018-155","TG18_MS1_CS_316","Probe","MS2, Osten von M004 (Norden von 10.12.2018-102)","MS2","indeterminata","Ho","st","2018"
"499","16.12.2018","16.12.2018-165","TG18_MS1_CS_320","Holz, Früchte, Dompalmenfrucht","MS2, Sued-Ost von M009","MS2","indeterminata","Ho","st","2018"
"500","16.12.2018","16.12.2018-165","TG18_MS1_CS_320","Holz, Früchte, Dompalmenfrucht","MS2, Sued-Ost von M009","MS2","indeterminata","Ho","st","2018"
"501","17.12.2018","17.12.2018-107","TG18_MS1_CS_326","Holz und andere Botanik","MS2, Matte rs (?)","MS2","indeterminata","Ho","st","2018"
"502","17.12.2018","17.12.2018-107","TG18_MS1_CS_326","Holz und andere Botanik","MS2, Matte rs (?)","MS2","indeterminata","Ho","st","2018"
"503","17.12.2018","17.12.2018-107","TG18_MS1_CS_326","Holz und andere Botanik","MS2, Matte rs (?)","MS2","indeterminata","Ho","st","2018"
"504","17.12.2018","17.12.2018-107","TG18_MS1_CS_326","Holz und andere Botanik","MS2, Matte rs (?)","MS2","indeterminata","Ho","st","2018"
"505","17.12.2018","17.12.2018-107","TG18_MS1_CS_326","Holz und andere Botanik","MS2, Matte rs (?)","MS2","indeterminata","Ho","st","2018"
"506","17.12.2018","17.12.2018-107","TG18_MS1_CS_326","Holz und andere Botanik","MS2, Matte rs (?)","MS2","indeterminata","Ho","st","2018"
"507","17.12.2018","17.12.2018-107","TG18_MS1_CS_326","Holz und andere Botanik","MS2, Matte rs (?)","MS2","indeterminata","Ho","st","2018"
"508","17.12.2018","17.12.2018-107","TG18_MS1_CS_326","Holz und andere Botanik","MS2, Matte rs (?)","MS2","indeterminata","Ho","st","2018"
"509","17.12.2018","17.12.2018-107","TG18_MS1_CS_326","Holz und andere Botanik","MS2, Matte rs (?)","MS2","indeterminata","Ho","st","2018"
"510","17.12.2018","17.12.2018-107","TG18_MS1_CS_326","Holz und andere Botanik","MS2, Matte rs (?)","MS2","indeterminata","Ho","st","2018"
"511","17.12.2018","17.12.2018-107","TG18_MS1_CS_326","Holz und andere Botanik","MS2, Matte rs (?)","MS2","indeterminata","Ho","st","2018"
"512","17.12.2018","17.12.2018-107","TG18_MS1_CS_326","Holz und andere Botanik","MS2, Matte rs (?)","MS2","indeterminata","Ho","st","2018"
"513","17.12.2018","17.12.2018-107","TG18_MS1_CS_326","Holz und andere Botanik","MS2, Matte rs (?)","MS2","indeterminata","Ho","st","2018"
"514","17.12.2018","17.12.2018-107","TG18_MS1_CS_326","Holz und andere Botanik","MS2, Matte rs (?)","MS2","indeterminata","Ho","st","2018"
"515","17.12.2018","17.12.2018-107","TG18_MS1_CS_326","Holz und andere Botanik","MS2, Matte rs (?)","MS2","indeterminata","Ho","st","2018"
"516","17.12.2018","17.12.2018-107","TG18_MS1_CS_326","Holz und andere Botanik","MS2, Matte rs (?)","MS2","indeterminata","Ho","st","2018"
"517","17.12.2018","17.12.2018-107","TG18_MS1_CS_326","Holz und andere Botanik","MS2, Matte rs (?)","MS2","indeterminata","Ho","st","2018"
"518","17.12.2018","17.12.2018-107","TG18_MS1_CS_326","Holz und andere Botanik","MS2, Matte rs (?)","MS2","indeterminata","Ho","st","2018"
"519","17.12.2018","17.12.2018-107","TG18_MS1_CS_326","Holz und andere Botanik","MS2, Matte rs (?)","MS2","indeterminata","Ho","st","2018"
"520","17.12.2018","17.12.2018-107","TG18_MS1_CS_326","Holz und andere Botanik","MS2, Matte rs (?)","MS2","indeterminata","Ho","st","2018"
"521","17.12.2018","17.12.2018-107","TG18_MS1_CS_326","Holz und andere Botanik","MS2, Matte rs (?)","MS2","indeterminata","Ho","st","2018"
"522","17.12.2018","17.12.2018-107","TG18_MS1_CS_326","Holz und andere Botanik","MS2, Matte rs (?)","MS2","indeterminata","Ho","st","2018"
"523","17.12.2018","17.12.2018-107","TG18_MS1_CS_326","Holz und andere Botanik","MS2, Matte rs (?)","MS2","indeterminata","Ho","st","2018"
"524","17.12.2018","17.12.2018-107","TG18_MS1_CS_326","Holz und andere Botanik","MS2, Matte rs (?)","MS2","indeterminata","Ho","st","2018"
"525","17.12.2018","17.12.2018-107","TG18_MS1_CS_326","Holz und andere Botanik","MS2, Matte rs (?)","MS2","indeterminata","Ho","st","2018"
"526","17.12.2018","17.12.2018-107","TG18_MS1_CS_326","Holz und andere Botanik","MS2, Matte rs (?)","MS2","indeterminata","Ho","st","2018"
"527","17.12.2018","17.12.2018-107","TG18_MS1_CS_326","Holz und andere Botanik","MS2, Matte rs (?)","MS2","indeterminata","Ho","st","2018"
"528","17.12.2018","17.12.2018-107","TG18_MS1_CS_326","Holz und andere Botanik","MS2, Matte rs (?)","MS2","indeterminata","Ho","st","2018"
"529","18.12.2018","18.12.2018-131","TG18_MS1_CS_357","bearbeitetes Holz","MS1, Nordwand (Nord-Ost-Ecke)","MS1","indeterminata","Ho","st","2018"
"530","19.12.2018","19.12.2018-105","TG18_MS1_CS_372","Botanikprobe","MS2, X2 Suederweiterung","MS2","indeterminata","Ho","st","2018"
"531","19.12.2018","19.12.2018-105","TG18_MS1_CS_372","Botanikprobe","MS2, X2 Suederweiterung","MS2","indeterminata","Ho","st","2018"
"532","11.12.2018","11.12.2018-155","TG18_MS1_CS_147","bearbeitetes Holz (L-Form)","MS2, auf Lehmzigelverbruch","MS2","indeterminata","beHo","st","2018"
"533","17.12.2018","17.12.2018-139","TG18_MS1_CS_336","Werkzeuggriff","MS2, Aushub X1 zu M005","MS2","indeterminata","beHo","st","2018"
"534","08.12.2018","8.12.2018-152","TG18_MS1_CS_039","Holzkohle","MS2, zw. Palmstamm und LZ-Verbruch","MS2","indeterminata","Hoko","vk","2018"
"535","08.12.2018","8.12.2018-152","TG18_MS1_CS_039","Holzkohle","MS2, zw. Palmstamm und LZ-Verbruch","MS2","indeterminata","Hoko","vk","2018"
"536","08.12.2018","8.12.2018-152","TG18_MS1_CS_039","Holzkohle","MS2, zw. Palmstamm und LZ-Verbruch","MS2","indeterminata","Hoko","vk","2018"
"537","08.12.2018","8.12.2018-152","TG18_MS1_CS_039","Holzkohle","MS2, zw. Palmstamm und LZ-Verbruch","MS2","indeterminata","Hoko","vk","2018"
"538","09.12.2018","9.12.2018-107","TG18_MS1_CS_042","Datteln, Dompalme, Kerne Früchte","MS2, in Schnitt X3, Aushub nach Westen hin","MS2","indeterminata","Hoko","vk","2018"
"539","10.12.2018","10.12.2018-114","TG18_MS1_CS_091","Verkohltes Holz und Früchte","MS2, bot. Befund im Sued-Ost von M004","MS2","indeterminata","Hoko","vk","2018"
"540","10.12.2018","10.12.2018-114","TG18_MS1_CS_091","Verkohltes Holz und Früchte","MS2, bot. Befund im Sued-Ost von M004","MS2","indeterminata","Hoko","vk","2018"
"541","10.12.2018","10.12.2018-114","TG18_MS1_CS_091","Verkohltes Holz und Früchte","MS2, bot. Befund im Sued-Ost von M004","MS2","indeterminata","Hoko","vk","2018"
"542","12.12.2018","12.12.2018-107","TG18_MS1_CS_175","Holzkohle","MS2, Mauerkrone M004","MS2","indeterminata","Hoko","vk","2018"
"543","15.12.2018","15.12.2018-114","TG18_MS1_CS_263","Kerne","MS2, S1 + S3","MS2","indeterminata","Hoko","vk","2018"
"544","15.12.2018","15.12.2018-116","TG18_MS1_CS_264","Holzkohle","MS2, S1+S2","MS2","indeterminata","Hoko","vk","2018"
"545","15.12.2018","15.12.2018-116","TG18_MS1_CS_264","Holzkohle","MS2, S1+S2","MS2","indeterminata","Hoko","vk","2018"
"546","15.12.2018","15.12.2018-116","TG18_MS1_CS_264","Holzkohle","MS2, S1+S2","MS2","indeterminata","Hoko","vk","2018"
"547","15.12.2018","15.12.2018-116","TG18_MS1_CS_264","Holzkohle","MS2, S1+S2","MS2","indeterminata","Hoko","vk","2018"
"548","17.12.2018","17.12.2018-144","TG18_MS1_CS_338","Botanikprobe","MS2, Sandschicht ueber Matte B","MS2","indeterminata","Hoko","vk","2018"
"549","17.12.2018","17.12.2018-144","TG18_MS1_CS_338","Botanikprobe","MS2, Sandschicht ueber Matte B","MS2","indeterminata","Hoko","vk","2018"
"550","17.12.2018","17.12.2018-144","TG18_MS1_CS_338","Botanikprobe","MS2, Sandschicht ueber Matte B","MS2","indeterminata","Hoko","vk","2018"
"551","09.12.2018","9.12.2018-108","TG18_MS1_CS_043","Holz- und Palmholzstücke","MS2, in Schnitt X3, Aushub nach Westen hin","MS2","Arecaceae","Ri","st","2018"
"552","16.12.2018","16.12.2018-138","TG18_MS1_CS_308","Botanikprobe","MS2, zw. M008 und Suedwand","MS2","Arecaceae","Ri","st","2018"
"553","09.12.2018","9.12.2018-108","TG18_MS1_CS_043","Holz- und Palmholzstücke","MS2, in Schnitt X3, Aushub nach Westen hin","MS2","Arecaceae","Ho","st","2018"
"554","09.12.2018","9.12.2018-108","TG18_MS1_CS_043","Holz- und Palmholzstücke","MS2, in Schnitt X3, Aushub nach Westen hin","MS2","Arecaceae","Ba","st","2018"
"555","16.12.2018","16.12.2018-138","TG18_MS1_CS_308","Botanikprobe","MS2, zw. M008 und Suedwand","MS2","Arecaceae","Bl","st","2018"
"556","16.12.2018","16.12.2018-138","TG18_MS1_CS_308","Botanikprobe","MS2, zw. M008 und Suedwand","MS2","Arecaceae","Bl","st","2018"
"557","16.12.2018","16.12.2018-138","TG18_MS1_CS_308","Botanikprobe","MS2, zw. M008 und Suedwand","MS2","Arecaceae","Bl","st","2018"
"558","16.12.2018","16.12.2018-138","TG18_MS1_CS_308","Botanikprobe","MS2, zw. M008 und Suedwand","MS2","Arecaceae","Bl","st","2018"
"559","16.12.2018","16.12.2018-155","TG18_MS1_CS_316","Probe","MS2, Osten von M004 (Norden von 10.12.2018-102)","MS2","Arecaceae","Bl","st","2018"
"560","16.12.2018","16.12.2018-155","TG18_MS1_CS_316","Probe","MS2, Osten von M004 (Norden von 10.12.2018-102)","MS2","Arecaceae","Bl","st","2018"
"561","16.12.2018","16.12.2018-155","TG18_MS1_CS_316","Probe","MS2, Osten von M004 (Norden von 10.12.2018-102)","MS2","Arecaceae","Bl","st","2018"
